{"content":[{"id":"58dfd93c","settings":{"flex_direction":"row","boxed_width":{"unit":"px","size":1320,"sizes":[]},"flex_justify_content":"space-between","flex_align_items":"center","padding":{"unit":"px","top":"12","right":"0","bottom":"12","left":"0","isLinked":false},"_title":"top header","boxed_width_laptop":{"unit":"px","size":1020,"sizes":[]},"boxed_width_tablet_extra":{"unit":"px","size":900,"sizes":[]},"hide_tablet":"hidden-tablet","hide_mobile_extra":"hidden-mobile_extra","hide_mobile":"hidden-mobile"},"elements":[{"id":"664f563a","settings":{"content_width":"full","width":{"unit":"%","size":80,"sizes":[]},"flex_direction":"row","flex_justify_content":"flex-start","flex_align_items":"center","flex_gap":{"column":"24","row":"24","isLinked":true,"unit":"px","size":24}},"elements":[{"id":"73ee4903","settings":{"title_text":"877-730-0276","description_text":"","position":"left","content_vertical_alignment":"middle","selected_icon":{"value":{"url":"https:\/\/creativewisdom.agency\/jahid\/wp-content\/uploads\/2025\/01\/call.svg","id":31},"library":"svg"},"icon_space":{"unit":"px","size":8,"sizes":[]},"title_bottom_space":{"unit":"px","size":0,"sizes":[]},"icon_size":{"unit":"px","size":24,"sizes":[]},"title_color":"#7A828F","title_typography_typography":"custom","title_typography_font_family":"Poppins","title_typography_font_size":{"unit":"px","size":16,"sizes":[]},"title_typography_font_weight":"400","title_typography_line_height":{"unit":"px","size":20,"sizes":[]},"icon_size_laptop":{"unit":"px","size":16,"sizes":[]},"title_typography_font_size_laptop":{"unit":"px","size":12,"sizes":[]},"title_typography_line_height_laptop":{"unit":"px","size":16,"sizes":[]}},"elements":[],"isInner":false,"widgetType":"icon-box","elType":"widget"},{"id":"559bb309","settings":{"title_text":"info@itpromiami.com","description_text":"","position":"left","content_vertical_alignment":"middle","selected_icon":{"value":{"url":"https:\/\/creativewisdom.agency\/jahid\/wp-content\/uploads\/2025\/01\/sms-tracking.svg","id":33},"library":"svg"},"icon_space":{"unit":"px","size":8,"sizes":[]},"title_bottom_space":{"unit":"px","size":0,"sizes":[]},"icon_size":{"unit":"px","size":24,"sizes":[]},"title_color":"#7A828F","title_typography_typography":"custom","title_typography_font_family":"Poppins","title_typography_font_size":{"unit":"px","size":16,"sizes":[]},"title_typography_font_weight":"400","title_typography_line_height":{"unit":"px","size":20,"sizes":[]},"icon_size_laptop":{"unit":"px","size":16,"sizes":[]},"title_typography_font_size_laptop":{"unit":"px","size":12,"sizes":[]},"title_typography_line_height_laptop":{"unit":"px","size":16,"sizes":[]}},"elements":[],"isInner":false,"widgetType":"icon-box","elType":"widget"},{"id":"ae07ae9","settings":{"title_text":"3680 NW 11 street Miami, Florida 3312","description_text":"","position":"left","content_vertical_alignment":"middle","selected_icon":{"value":{"url":"https:\/\/creativewisdom.agency\/jahid\/wp-content\/uploads\/2025\/01\/location.svg","id":34},"library":"svg"},"icon_space":{"unit":"px","size":8,"sizes":[]},"title_bottom_space":{"unit":"px","size":0,"sizes":[]},"icon_size":{"unit":"px","size":24,"sizes":[]},"title_color":"#7A828F","title_typography_typography":"custom","title_typography_font_family":"Poppins","title_typography_font_size":{"unit":"px","size":16,"sizes":[]},"title_typography_font_weight":"400","title_typography_line_height":{"unit":"px","size":20,"sizes":[]},"icon_size_laptop":{"unit":"px","size":16,"sizes":[]},"title_typography_font_size_laptop":{"unit":"px","size":12,"sizes":[]},"title_typography_line_height_laptop":{"unit":"px","size":16,"sizes":[]}},"elements":[],"isInner":false,"widgetType":"icon-box","elType":"widget"}],"isInner":true,"elType":"container"},{"id":"3100845d","settings":{"content_width":"full","width":{"unit":"%","size":20,"sizes":[]}},"elements":[{"id":"25f0c66a","settings":{"social_icon_list":[{"_id":"b2b9e3f","social_icon":{"value":{"url":"https:\/\/creativewisdom.agency\/jahid\/wp-content\/uploads\/2025\/01\/Vector.svg","id":38},"library":"svg"},"item_icon_color":"custom","item_icon_primary_color":"#FFFFFF"},{"social_icon":{"value":{"url":"https:\/\/creativewisdom.agency\/jahid\/wp-content\/uploads\/2025\/01\/Vector-1.svg","id":37},"library":"svg"},"_id":"c3c9721","item_icon_color":"custom","item_icon_primary_color":"#FFFFFF"},{"_id":"e2a6991","social_icon":{"value":{"url":"https:\/\/creativewisdom.agency\/jahid\/wp-content\/uploads\/2025\/01\/Social-icon.svg","id":36},"library":"svg"},"item_icon_color":"custom","item_icon_primary_color":"#FFFFFF"},{"_id":"f02b25e","social_icon":{"value":{"url":"https:\/\/creativewisdom.agency\/jahid\/wp-content\/uploads\/2025\/01\/Social-icon-1.svg","id":35},"library":"svg"},"item_icon_color":"custom","item_icon_primary_color":"#FFFFFF"}],"shape":"square","columns":"4","align":"right","icon_color":"custom","icon_primary_color":"#FFFFFF","icon_size":{"unit":"px","size":20,"sizes":[]},"icon_padding":{"unit":"em","size":0,"sizes":[]},"icon_spacing":{"unit":"px","size":24,"sizes":[]},"icon_size_laptop":{"unit":"px","size":16,"sizes":[]}},"elements":[],"isInner":false,"widgetType":"social-icons","elType":"widget"}],"isInner":true,"elType":"container"}],"isInner":false,"elType":"container"},{"id":"7a02d0bf","settings":{"flex_direction":"row","boxed_width":{"unit":"px","size":1320,"sizes":[]},"flex_justify_content":"space-between","flex_align_items":"center","padding":{"unit":"px","top":"8","right":"0","bottom":"8","left":"0","isLinked":false},"_title":"header","boxed_width_laptop":{"unit":"px","size":1020,"sizes":[]},"flex_direction_tablet":"row","flex_align_items_tablet":"center","padding_tablet_extra":{"unit":"px","top":"0","right":"50","bottom":"0","left":"50","isLinked":false},"padding_mobile_extra":{"unit":"px","top":"0","right":"20","bottom":"0","left":"20","isLinked":false}},"elements":[{"id":"6f6bcca0","settings":{"image":{"url":"https:\/\/creativewisdom.agency\/jahid\/wp-content\/uploads\/2025\/01\/image-47.svg","id":39,"size":"","alt":"","source":"library"},"image_size":"custom","image_custom_dimension":{"width":"64","height":"64"},"align":"left","width":{"unit":"px","size":64,"sizes":[]},"width_tablet":{"unit":"px","size":"","sizes":[]},"width_mobile":{"unit":"px","size":"","sizes":[]},"height":{"unit":"px","size":64,"sizes":[]},"object-fit":"contain","width_laptop":{"unit":"px","size":50,"sizes":[]},"height_laptop":{"unit":"px","size":50,"sizes":[]}},"elements":[],"isInner":false,"widgetType":"image","elType":"widget"},{"id":"5d215ff5","settings":{"menu_name":"Menu","menu":"primary-menu","align_items":"center","pointer":"none","submenu_icon":{"value":"","library":""},"menu_typography_typography":"custom","menu_typography_font_family":"Poppins","menu_typography_font_size":{"unit":"px","size":18,"sizes":[]},"menu_typography_font_weight":"500","menu_typography_text_transform":"capitalize","menu_typography_line_height":{"unit":"px","size":24,"sizes":[]},"color_menu_item":"#4A4B53","color_menu_item_active":"#4A4B53","padding_horizontal_menu_item":{"unit":"px","size":0,"sizes":[]},"padding_vertical_menu_item":{"unit":"px","size":0,"sizes":[]},"menu_space_between":{"unit":"px","size":50,"sizes":[]},"toggle_align":"right","menu_typography_font_size_laptop":{"unit":"px","size":16,"sizes":[]},"menu_space_between_laptop":{"unit":"px","size":25,"sizes":[]},"menu_id":2},"elements":[],"isInner":false,"widgetType":"nav-menu","elType":"widget"},{"id":"607fe738","settings":{"text":"Get A Quote","typography_typography":"custom","typography_font_family":"Poppins","typography_font_size":{"unit":"px","size":16,"sizes":[]},"typography_font_weight":"700","typography_line_height":{"unit":"px","size":24,"sizes":[]},"background_color":"#141D38","border_radius":{"unit":"px","top":"6","right":"6","bottom":"6","left":"6","isLinked":true},"text_padding":{"unit":"px","top":"16","right":"36","bottom":"16","left":"36","isLinked":false},"text_padding_laptop":{"unit":"px","top":"12","right":"15","bottom":"12","left":"15","isLinked":false},"hide_tablet":"hidden-tablet","hide_mobile_extra":"hidden-mobile_extra","hide_mobile":"hidden-mobile"},"elements":[],"isInner":false,"widgetType":"button","elType":"widget"}],"isInner":false,"elType":"container"},{"id":"3a5e42dc","settings":{"flex_direction":"column","boxed_width":{"unit":"px","size":1320,"sizes":[]},"min_height":{"unit":"px","size":640,"sizes":[]},"flex_justify_content":"center","flex_align_items":"flex-start","background_background":"classic","background_image":{"url":"https:\/\/creativewisdom.agency\/jahid\/wp-content\/uploads\/2025\/01\/Hero-Section-scaled.jpg","id":66,"size":"","alt":"","source":"library"},"background_position":"center center","background_repeat":"no-repeat","background_size":"cover","_title":"hero","boxed_width_laptop":{"unit":"px","size":1020,"sizes":[]},"flex_direction_tablet_extra":"column","flex_align_items_tablet_extra":"center","padding_tablet_extra":{"unit":"px","top":"0","right":"50","bottom":"0","left":"50","isLinked":false},"padding_mobile":{"unit":"px","top":"0","right":"20","bottom":"0","left":"20","isLinked":false}},"elements":[{"id":"25ff4a4a","settings":{"title":"Welcome to Miami Vip Service","header_size":"h6","typography_typography":"custom","typography_font_family":"Poppins","typography_font_size":{"unit":"px","size":16,"sizes":[]},"typography_font_weight":"600","typography_line_height":{"unit":"px","size":24,"sizes":[]},"title_color":"#FFFFFF","typography_font_size_mobile_extra":{"unit":"px","size":12,"sizes":[]}},"elements":[],"isInner":false,"widgetType":"heading","elType":"widget"},{"id":"1ced920c","settings":{"title":"Luxury VIP Transportation <br\/>\nAnytime, Anywhere.","header_size":"h6","typography_typography":"custom","typography_font_family":"Poppins","typography_font_size":{"unit":"px","size":64,"sizes":[]},"typography_font_weight":"700","typography_line_height":{"unit":"px","size":72,"sizes":[]},"title_color":"#FFFFFF","_margin":{"unit":"px","top":"8","right":"0","bottom":"0","left":"0","isLinked":false},"_padding":{"unit":"px","top":"0","right":"0","bottom":"0","left":"0","isLinked":false},"align_tablet_extra":"center","typography_font_size_tablet":{"unit":"px","size":50,"sizes":[]},"typography_font_size_mobile_extra":{"unit":"px","size":40,"sizes":[]},"typography_font_size_mobile":{"unit":"px","size":24,"sizes":[]},"typography_line_height_mobile_extra":{"unit":"px","size":50,"sizes":[]},"typography_line_height_mobile":{"unit":"px","size":32,"sizes":[]},"_padding_mobile_extra":{"unit":"px","top":"0","right":"20","bottom":"0","left":"20","isLinked":false},"_padding_mobile":{"unit":"px","top":"0","right":"0","bottom":"0","left":"0","isLinked":false}},"elements":[],"isInner":false,"widgetType":"heading","elType":"widget"},{"id":"33b031a5","settings":{"title":"No waiting, same-day service for a high-end experience","header_size":"h6","typography_typography":"custom","typography_font_family":"Poppins","typography_font_size":{"unit":"px","size":22,"sizes":[]},"typography_font_weight":"600","typography_line_height":{"unit":"px","size":28,"sizes":[]},"title_color":"#FFFFFF","_margin":{"unit":"px","top":"24","right":"0","bottom":"0","left":"0","isLinked":false},"typography_font_size_tablet":{"unit":"px","size":18,"sizes":[]},"typography_font_size_mobile_extra":{"unit":"px","size":16,"sizes":[]},"typography_font_size_mobile":{"unit":"px","size":10,"sizes":[]},"typography_line_height_mobile":{"unit":"px","size":16,"sizes":[]}},"elements":[],"isInner":false,"widgetType":"heading","elType":"widget"},{"id":"4db2b7dc","settings":{"text":"Get A Quote","typography_typography":"custom","typography_font_family":"Poppins","typography_font_size":{"unit":"px","size":16,"sizes":[]},"typography_font_weight":"700","typography_line_height":{"unit":"px","size":24,"sizes":[]},"button_text_color":"#21305E","background_color":"#F2F5FF","border_radius":{"unit":"px","top":"6","right":"6","bottom":"6","left":"6","isLinked":true},"text_padding":{"unit":"px","top":"16","right":"36","bottom":"16","left":"36","isLinked":false},"_margin":{"unit":"px","top":"24","right":"0","bottom":"0","left":"0","isLinked":false},"align_mobile":"justify","_flex_align_self_mobile":"stretch"},"elements":[],"isInner":false,"widgetType":"button","elType":"widget"}],"isInner":false,"elType":"container"},{"id":"6da18e9","settings":{"flex_direction":"column","container_type":"grid","boxed_width":{"unit":"px","size":1320,"sizes":[]},"grid_columns_grid":{"unit":"fr","size":5,"sizes":[]},"grid_columns_grid_tablet":{"unit":"fr","size":3,"sizes":[]},"grid_columns_grid_mobile":{"unit":"fr","size":2,"sizes":[]},"grid_rows_grid":{"unit":"fr","size":"","sizes":[]},"grid_gaps_mobile":{"column":"20","row":"20","isLinked":true,"unit":"px"},"margin_mobile":{"unit":"px","top":"56","right":"0","bottom":"0","left":"0","isLinked":false},"padding_mobile":{"unit":"px","top":"0","right":"20","bottom":"0","left":"20","isLinked":false},"presetTitle":"Grid","presetIcon":"eicon-container-grid","margin":{"unit":"px","top":"46","right":"0","bottom":"0","left":"0","isLinked":false}},"elements":[{"id":"16e68309","settings":{"image":{"url":"https:\/\/creativewisdom.agency\/jahid\/wp-content\/uploads\/2025\/01\/Fictional-company-logo.svg","id":74,"size":"","alt":"","source":"library"},"image_size":"full","space":{"unit":"%","size":141,"sizes":[]},"space_tablet_extra":{"unit":"px","size":100,"sizes":[]},"space_tablet":{"unit":"%","size":140,"sizes":[]},"space_mobile":{"unit":"%","size":100,"sizes":[]}},"elements":[],"isInner":false,"widgetType":"image","elType":"widget"},{"id":"1c19536e","settings":{"image":{"url":"https:\/\/creativewisdom.agency\/jahid\/wp-content\/uploads\/2025\/01\/Fictional-company-logo-1.svg","id":73,"size":"","alt":"","source":"library"},"image_size":"full","space":{"unit":"%","size":141,"sizes":[]},"space_tablet_extra":{"unit":"px","size":100,"sizes":[]},"space_tablet":{"unit":"%","size":140,"sizes":[]},"space_mobile":{"unit":"%","size":100,"sizes":[]}},"elements":[],"isInner":false,"widgetType":"image","elType":"widget"},{"id":"715792fc","settings":{"image":{"url":"https:\/\/creativewisdom.agency\/jahid\/wp-content\/uploads\/2025\/01\/Fictional-company-logo-2.svg","id":72,"size":"","alt":"","source":"library"},"image_size":"full","space":{"unit":"%","size":141,"sizes":[]},"space_tablet_extra":{"unit":"px","size":100,"sizes":[]},"space_tablet":{"unit":"%","size":140,"sizes":[]},"space_mobile":{"unit":"%","size":100,"sizes":[]}},"elements":[],"isInner":false,"widgetType":"image","elType":"widget"},{"id":"379ce130","settings":{"image":{"url":"https:\/\/creativewisdom.agency\/jahid\/wp-content\/uploads\/2025\/01\/Fictional-company-logo-3.svg","id":71,"size":"","alt":"","source":"library"},"image_size":"full","space":{"unit":"%","size":141,"sizes":[]},"space_tablet_extra":{"unit":"px","size":100,"sizes":[]},"space_tablet":{"unit":"%","size":140,"sizes":[]},"space_mobile":{"unit":"%","size":100,"sizes":[]}},"elements":[],"isInner":false,"widgetType":"image","elType":"widget"},{"id":"400f5121","settings":{"image":{"url":"https:\/\/creativewisdom.agency\/jahid\/wp-content\/uploads\/2025\/01\/Fictional-company-logo-4.svg","id":70,"size":"","alt":"","source":"library"},"image_size":"full","space":{"unit":"%","size":141,"sizes":[]},"space_tablet_extra":{"unit":"px","size":100,"sizes":[]},"space_tablet":{"unit":"%","size":140,"sizes":[]},"space_mobile":{"unit":"%","size":100,"sizes":[]}},"elements":[],"isInner":false,"widgetType":"image","elType":"widget"}],"isInner":false,"elType":"container"},{"id":"4eb9682f","settings":{"flex_direction":"row","boxed_width":{"unit":"px","size":1320,"sizes":[]},"flex_justify_content":"space-between","flex_align_items":"center","flex_gap":{"column":"24","row":"24","isLinked":true,"unit":"px","size":24},"background_background":"classic","background_color":"#F9FAFB","margin":{"unit":"px","top":"80","right":"0","bottom":"0","left":"0","isLinked":false},"padding":{"unit":"px","top":"56","right":"40","bottom":"56","left":"40","isLinked":false},"_title":"form","boxed_width_laptop":{"unit":"px","size":1020,"sizes":[]},"flex_direction_tablet":"column","padding_mobile":{"unit":"px","top":"40","right":"20","bottom":"40","left":"20","isLinked":false}},"elements":[{"id":"4b382a9d","settings":{"content_width":"full","flex_align_items_tablet":"center"},"elements":[{"id":"5de83bf7","settings":{"title":"Get a call","header_size":"h6","typography_typography":"custom","typography_font_family":"Poppins","typography_font_size":{"unit":"px","size":16,"sizes":[]},"typography_font_weight":"600","typography_line_height":{"unit":"px","size":24,"sizes":[]},"title_color":"#141D38"},"elements":[],"isInner":false,"widgetType":"heading","elType":"widget"},{"id":"3408cbbf","settings":{"title":"Experience <span style=\"color:#A5A8B4\">immediate<\/span><br \/>\nluxury <span style=\"color:#A5A8B4\">and <\/span>convenience?","header_size":"h1","typography_typography":"custom","typography_font_family":"Poppins","typography_font_size":{"unit":"px","size":36,"sizes":[]},"typography_font_weight":"700","typography_line_height":{"unit":"px","size":48,"sizes":[]},"title_color":"#141D38","_margin":{"unit":"px","top":"12","right":"0","bottom":"0","left":"0","isLinked":false},"align_mobile":"center","typography_font_size_mobile":{"unit":"px","size":26,"sizes":[]},"typography_line_height_mobile":{"unit":"px","size":32,"sizes":[]}},"elements":[],"isInner":false,"widgetType":"heading","elType":"widget"},{"id":"7d83e530","settings":{"editor":"<p>Elevate your travel experience with Miami VIP Services. <br \/>Book Now for a Luxurious Ride<br \/><br \/><br \/>or Call\u00a0877-730-0276.<\/p>","column_gap":{"unit":"px","size":0,"sizes":[]},"align":"left","text_color":"#5B5E6A","typography_typography":"custom","typography_font_family":"Poppins","typography_font_size":{"unit":"px","size":20,"sizes":[]},"typography_font_weight":"400","typography_line_height":{"unit":"px","size":30,"sizes":[]},"paragraph_spacing":{"unit":"px","size":0,"sizes":[]},"_margin":{"unit":"px","top":"24","right":"0","bottom":"0","left":"0","isLinked":false},"align_tablet":"center","typography_font_size_mobile":{"unit":"px","size":16,"sizes":[]},"typography_line_height_mobile":{"unit":"px","size":23,"sizes":[]}},"elements":[],"isInner":false,"widgetType":"text-editor","elType":"widget"}],"isInner":true,"elType":"container"},{"id":"338bb4ee","settings":{"content_width":"full","flex_gap":{"column":"","row":"","isLinked":true,"unit":"px","size":null}},"elements":[{"id":"68103a32","settings":{"form_name":"New Form","form_fields":[{"custom_id":"name","field_label":"Your Name","placeholder":"Full name","width":"50","dynamic":{"active":true},"_id":"7581309"},{"custom_id":"email","required":"true","field_label":"Company Name","placeholder":"you@company.com","width":"50","_id":"dc782da"},{"custom_id":"field_2488298","field_type":"number","required":"true","field_label":"Mobile Number","placeholder":"Mobile Number","width":"50","_id":"2488298"},{"custom_id":"field_eef7b47","field_type":"email","required":"true","field_label":"Email","placeholder":"you@company.com","width":"50","_id":"eef7b47"},{"custom_id":"field_7ab0516","field_type":"time","required":"true","field_label":"Time","placeholder":"--:--","width":"50","use_native_time":"yes","_id":"7ab0516"},{"custom_id":"field_6d494e6","field_type":"date","required":"true","field_label":"Date","placeholder":"mm\/dd\/yyyy","width":"50","use_native_date":"yes","use_native_time":"yes","_id":"6d494e6"},{"custom_id":"message","field_type":"textarea","field_label":"Message","placeholder":"Leave us a message...","_id":"0c962d4","rows":5}],"input_size":"xs","step_next_label":"Sand","step_previous_label":"","button_text":"Send message","email_content":"[all-fields]","email_content_2":"[all-fields]","success_message":"Your submission was successful.","error_message":"Your submission failed because of an error.","server_message":"Your submission failed because of a server error.","invalid_message":"Your submission failed because the form is invalid.","required_field_message":"This field is required.","column_gap":{"unit":"px","size":24,"sizes":[]},"row_gap":{"unit":"px","size":24,"sizes":[]},"label_spacing":{"unit":"px","size":6,"sizes":[]},"label_color":"#262A3D","label_typography_typography":"custom","label_typography_font_family":"Poppins","label_typography_font_size":{"unit":"px","size":14,"sizes":[]},"label_typography_font_weight":"500","label_typography_line_height":{"unit":"px","size":20,"sizes":[]},"html_color":"#667085","html_typography_typography":"custom","html_typography_font_family":"Poppins","html_typography_font_size":{"unit":"px","size":16,"sizes":[]},"html_typography_font_weight":"400","html_typography_line_height":{"unit":"px","size":24,"sizes":[]},"field_border_color":"#E9EEF4","button_typography_typography":"custom","button_typography_font_family":"Poppins","button_typography_font_size":{"unit":"px","size":16,"sizes":[]},"button_typography_font_weight":"700","button_typography_line_height":{"unit":"px","size":24,"sizes":[]},"button_background_color":"#141D38","previous_button_background_color":"#141D38","button_border_radius":{"unit":"px","top":"8","right":"8","bottom":"8","left":"8","isLinked":true},"button_text_padding":{"unit":"px","top":"12","right":"0","bottom":"12","left":"0","isLinked":false}},"elements":[],"isInner":false,"widgetType":"form","elType":"widget"}],"isInner":true,"elType":"container"}],"isInner":false,"elType":"container"},{"id":"449ca4a3","settings":{"flex_direction":"row","boxed_width":{"unit":"px","size":1296,"sizes":[]},"flex_justify_content":"space-between","flex_align_items":"center","margin":{"unit":"px","top":"184","right":"0","bottom":"0","left":"0","isLinked":false},"_title":"service","boxed_width_laptop":{"unit":"px","size":1020,"sizes":[]},"flex_direction_tablet":"column","padding_tablet_extra":{"unit":"px","top":"0","right":"50","bottom":"0","left":"50","isLinked":false},"padding_tablet":{"unit":"px","top":"0","right":"20","bottom":"0","left":"20","isLinked":false},"margin_tablet":{"unit":"px","top":"50","right":"0","bottom":"0","left":"0","isLinked":false}},"elements":[{"id":"774f64ba","settings":{"content_width":"full","hide_tablet":"hidden-tablet","hide_mobile_extra":"hidden-mobile_extra","hide_mobile":"hidden-mobile"},"elements":[{"id":"307d85df","settings":{"image":{"url":"https:\/\/creativewisdom.agency\/jahid\/wp-content\/uploads\/2025\/01\/image-scaled.jpg","id":89,"size":"","alt":"","source":"library"},"image_size":"full","width":{"unit":"%","size":100,"sizes":[]}},"elements":[],"isInner":false,"widgetType":"image","elType":"widget"}],"isInner":true,"elType":"container"},{"id":"5e0cf3d6","settings":{"content_width":"full","flex_direction":"column","flex_justify_content":"space-between","flex_align_items":"center","flex_gap":{"column":"40","row":"40","isLinked":true,"unit":"px","size":40},"padding":{"unit":"px","top":"0","right":"40","bottom":"0","left":"40","isLinked":false},"_flex_align_self":"center","flex_direction_tablet":"row","flex_gap_laptop":{"column":"20","row":"20","isLinked":true,"unit":"px","size":20},"flex_wrap_tablet":"wrap","padding_tablet_extra":{"unit":"px","top":"0","right":"40","bottom":"0","left":"40","isLinked":false},"flex_direction_mobile":"column","flex_justify_content_mobile":"center","padding_tablet":{"unit":"px","top":"0","right":"0","bottom":"0","left":"0","isLinked":true}},"elements":[{"id":"62da96bc","settings":{"selected_icon":{"value":{"url":"https:\/\/creativewisdom.agency\/jahid\/wp-content\/uploads\/2025\/01\/Frame-1.svg","id":94},"library":"svg"},"title_text":"On Time Service","description_text":"We understand your time is valuable. Our luxury transportation service ensures there is no wait time, and our drivers will be waiting for you when you arrive.","position":"left","icon_space":{"unit":"px","size":40,"sizes":[]},"title_bottom_space":{"unit":"px","size":8,"sizes":[]},"icon_size":{"unit":"px","size":40,"sizes":[]},"title_color":"#141D38","title_typography_typography":"custom","title_typography_font_family":"Poppins","title_typography_font_size":{"unit":"px","size":24,"sizes":[]},"title_typography_font_weight":"600","title_typography_line_height":{"unit":"px","size":32,"sizes":[]},"description_color":"#5B5E6A","description_typography_typography":"custom","description_typography_font_family":"Poppins","description_typography_font_size":{"unit":"px","size":20,"sizes":[]},"description_typography_font_weight":"400","description_typography_line_height":{"unit":"px","size":30,"sizes":[]},"position_tablet":"top","icon_space_laptop":{"unit":"px","size":20,"sizes":[]},"title_bottom_space_laptop":{"unit":"px","size":5,"sizes":[]},"icon_size_laptop":{"unit":"px","size":30,"sizes":[]},"title_typography_font_size_laptop":{"unit":"px","size":20,"sizes":[]},"title_typography_line_height_laptop":{"unit":"px","size":22,"sizes":[]},"description_typography_font_size_laptop":{"unit":"px","size":16,"sizes":[]},"description_typography_line_height_laptop":{"unit":"px","size":26,"sizes":[]},"icon_size_tablet":{"unit":"px","size":50,"sizes":[]},"title_typography_font_size_tablet_extra":{"unit":"px","size":18,"sizes":[]},"title_typography_font_size_tablet":{"unit":"px","size":26,"sizes":[]},"description_typography_font_size_tablet_extra":{"unit":"px","size":14,"sizes":[]},"description_typography_font_size_tablet":{"unit":"px","size":18,"sizes":[]},"_padding_tablet":{"unit":"px","top":"20","right":"20","bottom":"20","left":"20","isLinked":true},"_element_width_tablet":"initial","_element_custom_width_tablet":{"unit":"%","size":45,"sizes":[]},"_element_custom_width_mobile_extra":{"unit":"%","size":"","sizes":[]},"_element_custom_width_mobile":{"unit":"%","size":100,"sizes":[]},"_border_border":"solid","_border_width":{"unit":"px","top":"0","right":"0","bottom":"0","left":"0","isLinked":true},"_border_width_widescreen":{"unit":"px","top":"0","right":"0","bottom":"0","left":"0","isLinked":true},"_border_width_tablet":{"unit":"px","top":"1","right":"1","bottom":"1","left":"1","isLinked":true},"_border_color":"#02010138"},"elements":[],"isInner":false,"widgetType":"icon-box","elType":"widget"},{"id":"73cbe8ac","settings":{"selected_icon":{"value":{"url":"https:\/\/creativewisdom.agency\/jahid\/wp-content\/uploads\/2025\/01\/Frame-2.svg","id":97},"library":"svg"},"title_text":"On Time Service","description_text":"We understand your time is valuable. Our luxury transportation service ensures there is no wait time, and our drivers will be waiting for you when you arrive.","position":"left","icon_space":{"unit":"px","size":40,"sizes":[]},"title_bottom_space":{"unit":"px","size":8,"sizes":[]},"icon_size":{"unit":"px","size":40,"sizes":[]},"title_color":"#141D38","title_typography_typography":"custom","title_typography_font_family":"Poppins","title_typography_font_size":{"unit":"px","size":24,"sizes":[]},"title_typography_font_weight":"600","title_typography_line_height":{"unit":"px","size":32,"sizes":[]},"description_color":"#5B5E6A","description_typography_typography":"custom","description_typography_font_family":"Poppins","description_typography_font_size":{"unit":"px","size":20,"sizes":[]},"description_typography_font_weight":"400","description_typography_line_height":{"unit":"px","size":30,"sizes":[]},"icon_space_laptop":{"unit":"px","size":20,"sizes":[]},"title_bottom_space_laptop":{"unit":"px","size":5,"sizes":[]},"icon_size_laptop":{"unit":"px","size":30,"sizes":[]},"title_typography_font_size_laptop":{"unit":"px","size":20,"sizes":[]},"title_typography_line_height_laptop":{"unit":"px","size":22,"sizes":[]},"description_typography_font_size_laptop":{"unit":"px","size":16,"sizes":[]},"description_typography_line_height_laptop":{"unit":"px","size":26,"sizes":[]},"position_tablet":"top","icon_size_tablet":{"unit":"px","size":50,"sizes":[]},"title_typography_font_size_tablet_extra":{"unit":"px","size":18,"sizes":[]},"title_typography_font_size_tablet":{"unit":"px","size":26,"sizes":[]},"description_typography_font_size_tablet_extra":{"unit":"px","size":14,"sizes":[]},"description_typography_font_size_tablet":{"unit":"px","size":18,"sizes":[]},"_padding_tablet":{"unit":"px","top":"20","right":"20","bottom":"20","left":"20","isLinked":true},"_element_width_tablet":"initial","_element_custom_width_tablet":{"unit":"%","size":45,"sizes":[]},"_element_custom_width_mobile_extra":{"unit":"%","size":"","sizes":[]},"_element_custom_width_mobile":{"unit":"%","size":100,"sizes":[]},"_border_border":"solid","_border_width":{"unit":"px","top":"0","right":"0","bottom":"0","left":"0","isLinked":true},"_border_width_widescreen":{"unit":"px","top":"0","right":"0","bottom":"0","left":"0","isLinked":true},"_border_width_tablet":{"unit":"px","top":"1","right":"1","bottom":"1","left":"1","isLinked":true},"_border_color":"#02010138"},"elements":[],"isInner":false,"widgetType":"icon-box","elType":"widget"},{"id":"40b583dd","settings":{"selected_icon":{"value":{"url":"https:\/\/creativewisdom.agency\/jahid\/wp-content\/uploads\/2025\/01\/Frame-2-1.svg","id":98},"library":"svg"},"title_text":"On Time Service","description_text":"We understand your time is valuable. Our luxury transportation service ensures there is no wait time, and our drivers will be waiting for you when you arrive.","position":"left","icon_space":{"unit":"px","size":40,"sizes":[]},"title_bottom_space":{"unit":"px","size":8,"sizes":[]},"icon_size":{"unit":"px","size":40,"sizes":[]},"title_color":"#141D38","title_typography_typography":"custom","title_typography_font_family":"Poppins","title_typography_font_size":{"unit":"px","size":24,"sizes":[]},"title_typography_font_weight":"600","title_typography_line_height":{"unit":"px","size":32,"sizes":[]},"description_color":"#5B5E6A","description_typography_typography":"custom","description_typography_font_family":"Poppins","description_typography_font_size":{"unit":"px","size":20,"sizes":[]},"description_typography_font_weight":"400","description_typography_line_height":{"unit":"px","size":30,"sizes":[]},"icon_space_laptop":{"unit":"px","size":20,"sizes":[]},"title_bottom_space_laptop":{"unit":"px","size":5,"sizes":[]},"icon_size_laptop":{"unit":"px","size":30,"sizes":[]},"title_typography_font_size_laptop":{"unit":"px","size":20,"sizes":[]},"title_typography_line_height_laptop":{"unit":"px","size":22,"sizes":[]},"description_typography_font_size_laptop":{"unit":"px","size":16,"sizes":[]},"description_typography_line_height_laptop":{"unit":"px","size":26,"sizes":[]},"position_tablet":"top","icon_size_tablet":{"unit":"px","size":50,"sizes":[]},"title_typography_font_size_tablet_extra":{"unit":"px","size":18,"sizes":[]},"title_typography_font_size_tablet":{"unit":"px","size":26,"sizes":[]},"description_typography_font_size_tablet_extra":{"unit":"px","size":14,"sizes":[]},"description_typography_font_size_tablet":{"unit":"px","size":18,"sizes":[]},"_padding_tablet":{"unit":"px","top":"20","right":"20","bottom":"20","left":"20","isLinked":true},"_element_width_tablet":"initial","_element_custom_width_tablet":{"unit":"%","size":45,"sizes":[]},"_element_custom_width_mobile_extra":{"unit":"%","size":"","sizes":[]},"_element_custom_width_mobile":{"unit":"%","size":100,"sizes":[]},"_border_border":"solid","_border_width":{"unit":"px","top":"0","right":"0","bottom":"0","left":"0","isLinked":true},"_border_width_widescreen":{"unit":"px","top":"0","right":"0","bottom":"0","left":"0","isLinked":true},"_border_width_tablet":{"unit":"px","top":"1","right":"1","bottom":"1","left":"1","isLinked":true},"_border_color":"#02010138"},"elements":[],"isInner":false,"widgetType":"icon-box","elType":"widget"}],"isInner":true,"elType":"container"}],"isInner":false,"elType":"container"},{"id":"79bd2c45","settings":{"flex_direction":"row","boxed_width":{"unit":"px","size":1320,"sizes":[]},"flex_justify_content":"space-between","flex_align_items":"center","flex_gap":{"column":"24","row":"24","isLinked":true,"unit":"px","size":24},"margin":{"unit":"px","top":"134","right":"0","bottom":"0","left":"0","isLinked":false},"boxed_width_laptop":{"unit":"px","size":1020,"sizes":[]},"flex_direction_tablet":"column","padding_tablet_extra":{"unit":"px","top":"0","right":"50","bottom":"0","left":"50","isLinked":false},"padding_tablet":{"unit":"px","top":"0","right":"50","bottom":"0","left":"50","isLinked":false},"padding_mobile_extra":{"unit":"px","top":"0","right":"20","bottom":"0","left":"20","isLinked":false}},"elements":[{"id":"75064d3","settings":{"content_width":"full","border_border":"solid","border_width":{"unit":"px","top":"1","right":"1","bottom":"1","left":"1","isLinked":true},"border_color":"#CFE7FF","border_radius":{"unit":"px","top":"16","right":"16","bottom":"16","left":"16","isLinked":true},"padding":{"unit":"px","top":"24","right":"24","bottom":"24","left":"24","isLinked":true}},"elements":[{"id":"5ec173ec","settings":{"selected_icon":{"value":{"url":"https:\/\/creativewisdom.agency\/jahid\/wp-content\/uploads\/2025\/01\/Frame-2-1.svg","id":98},"library":"svg"},"title_text":"Unmatched Business Service","description_text":"We understand your time is valuable. Our luxury transportation service ensures there is no wait time, and our drivers will be waiting for you when you arrive.","position":"left","icon_space":{"unit":"px","size":40,"sizes":[]},"title_bottom_space":{"unit":"px","size":8,"sizes":[]},"icon_size":{"unit":"px","size":40,"sizes":[]},"title_color":"#141D38","title_typography_typography":"custom","title_typography_font_family":"Poppins","title_typography_font_size":{"unit":"px","size":20,"sizes":[]},"title_typography_font_weight":"600","title_typography_line_height":{"unit":"px","size":30,"sizes":[]},"description_color":"#5B5E6A","description_typography_typography":"custom","description_typography_font_family":"Inter","description_typography_font_size":{"unit":"px","size":16,"sizes":[]},"description_typography_font_weight":"400","description_typography_line_height":{"unit":"px","size":25,"sizes":[]},"_margin":{"unit":"px","top":"0","right":"0","bottom":"0","left":"0","isLinked":false},"icon_space_mobile":{"unit":"px","size":20,"sizes":[]}},"elements":[],"isInner":false,"widgetType":"icon-box","elType":"widget"},{"id":"7286f30c","settings":{"image":{"url":"https:\/\/creativewisdom.agency\/jahid\/wp-content\/uploads\/2025\/01\/image-1.jpg","id":106,"size":"","alt":"","source":"library"},"image_size":"full","_margin":{"unit":"px","top":"20","right":"0","bottom":"0","left":"0","isLinked":false}},"elements":[],"isInner":false,"widgetType":"image","elType":"widget"}],"isInner":true,"elType":"container"},{"id":"83e7dbf","settings":{"content_width":"full","border_border":"solid","border_width":{"unit":"px","top":"1","right":"1","bottom":"1","left":"1","isLinked":true},"border_color":"#CFE7FF","border_radius":{"unit":"px","top":"16","right":"16","bottom":"16","left":"16","isLinked":true},"padding":{"unit":"px","top":"24","right":"24","bottom":"24","left":"24","isLinked":true}},"elements":[{"id":"2a7ea1","settings":{"selected_icon":{"value":{"url":"https:\/\/creativewisdom.agency\/jahid\/wp-content\/uploads\/2025\/01\/Frame-2-1.svg","id":98},"library":"svg"},"title_text":"Unmatched Business Service","description_text":"We understand your time is valuable. Our luxury transportation service ensures there is no wait time, and our drivers will be waiting for you when you arrive.","position":"left","icon_space":{"unit":"px","size":40,"sizes":[]},"title_bottom_space":{"unit":"px","size":8,"sizes":[]},"icon_size":{"unit":"px","size":40,"sizes":[]},"title_color":"#141D38","title_typography_typography":"custom","title_typography_font_family":"Poppins","title_typography_font_size":{"unit":"px","size":20,"sizes":[]},"title_typography_font_weight":"600","title_typography_line_height":{"unit":"px","size":30,"sizes":[]},"description_color":"#5B5E6A","description_typography_typography":"custom","description_typography_font_family":"Inter","description_typography_font_size":{"unit":"px","size":16,"sizes":[]},"description_typography_font_weight":"400","description_typography_line_height":{"unit":"px","size":25,"sizes":[]},"_margin":{"unit":"px","top":"0","right":"0","bottom":"0","left":"0","isLinked":false},"icon_space_mobile":{"unit":"px","size":20,"sizes":[]}},"elements":[],"isInner":false,"widgetType":"icon-box","elType":"widget"},{"id":"4bfb5f02","settings":{"image":{"url":"https:\/\/creativewisdom.agency\/jahid\/wp-content\/uploads\/2025\/01\/image-1.jpg","id":106,"size":"","alt":"","source":"library"},"image_size":"full","_margin":{"unit":"px","top":"20","right":"0","bottom":"0","left":"0","isLinked":false}},"elements":[],"isInner":false,"widgetType":"image","elType":"widget"}],"isInner":true,"elType":"container"}],"isInner":false,"elType":"container"},{"id":"1113a56f","settings":{"flex_direction":"row","boxed_width":{"unit":"px","size":1320,"sizes":[]},"flex_justify_content":"space-between","flex_align_items":"center","margin":{"unit":"px","top":"80","right":"0","bottom":"0","left":"0","isLinked":false},"padding":{"unit":"px","top":"80","right":"0","bottom":"80","left":"0","isLinked":false},"_title":"slider","boxed_width_laptop":{"unit":"px","size":1020,"sizes":[]},"flex_direction_tablet_extra":"column","padding_mobile":{"unit":"px","top":"0","right":"20","bottom":"0","left":"20","isLinked":false}},"elements":[{"id":"14547868","settings":{"content_width":"full","width":{"unit":"px","size":424,"sizes":[]},"width_widescreen":{"unit":"%","size":"","sizes":[]},"width_laptop":{"unit":"%","size":"","sizes":[]},"width_tablet_extra":{"unit":"%","size":"","sizes":[]},"width_tablet":{"unit":"%","size":"","sizes":[]},"width_mobile_extra":{"unit":"%","size":"","sizes":[]},"width_mobile":{"unit":"%","size":"","sizes":[]},"flex_align_items_tablet_extra":"center","_title":"sliderTextContainer"},"elements":[{"id":"1f4aec16","settings":{"title":"Testimonial","typography_typography":"custom","typography_font_family":"Poppins","typography_font_size":{"unit":"px","size":16,"sizes":[]},"typography_font_weight":"600","typography_line_height":{"unit":"px","size":24,"sizes":[]},"title_color":"#141D38"},"elements":[],"isInner":false,"widgetType":"heading","elType":"widget"},{"id":"45b9876a","settings":{"title":"What Happy Clients Says About Us?","typography_typography":"custom","typography_font_family":"Poppins","typography_font_size":{"unit":"px","size":36,"sizes":[]},"typography_font_weight":"700","typography_line_height":{"unit":"px","size":48,"sizes":[]},"title_color":"#141D38","_margin":{"unit":"px","top":"12","right":"0","bottom":"0","left":"0","isLinked":false},"align_tablet_extra":"center","typography_font_size_mobile":{"unit":"px","size":26,"sizes":[]}},"elements":[],"isInner":false,"widgetType":"heading","elType":"widget"},{"id":"5563aa3a","settings":{"editor":"<p>Over 1000+ happy client and average 4.8 \u2b50 rating<\/p>","typography_typography":"custom","typography_font_family":"Inter","typography_font_size":{"unit":"px","size":16,"sizes":[]},"typography_font_weight":"400","typography_line_height":{"unit":"px","size":25,"sizes":[]},"paragraph_spacing":{"unit":"px","size":0,"sizes":[]},"_margin":{"unit":"px","top":"24","right":"0","bottom":"0","left":"0","isLinked":false},"typography_font_size_mobile":{"unit":"px","size":12,"sizes":[]}},"elements":[],"isInner":false,"widgetType":"text-editor","elType":"widget"}],"isInner":true,"elType":"container"},{"id":"47e04662","settings":{"content_width":"full","width":{"unit":"%","size":70,"sizes":[]},"width_widescreen":{"unit":"%","size":"","sizes":[]},"width_laptop":{"unit":"%","size":"","sizes":[]},"width_tablet_extra":{"unit":"%","size":"","sizes":[]},"width_tablet":{"unit":"%","size":"","sizes":[]},"width_mobile_extra":{"unit":"%","size":100,"sizes":[]},"width_mobile":{"unit":"%","size":"","sizes":[]},"flex_direction":"row","flex_justify_content":"space-between","flex_align_items":"center","flex_direction_tablet_extra":"column","_title":"SliderContainer"},"elements":[{"id":"1d54cadc","settings":{"content_width":"full","width":{"unit":"%","size":100,"sizes":[]},"flex_justify_content":"flex-start","flex_align_items":"center","flex_gap":{"column":"125","row":"125","isLinked":true,"unit":"px","size":125},"flex_direction_tablet_extra":"column","width_widescreen":{"unit":"%","size":"","sizes":[]},"width_laptop":{"unit":"%","size":"","sizes":[]},"width_tablet_extra":{"unit":"%","size":"","sizes":[]},"width_tablet":{"unit":"%","size":"","sizes":[]},"width_mobile_extra":{"unit":"%","size":"","sizes":[]},"width_mobile":{"unit":"%","size":"","sizes":[]},"flex_direction":"row","flex_justify_content_tablet_extra":"center","flex_align_items_tablet_extra":"center","flex_align_items_mobile":"center","flex_gap_mobile_extra":{"column":"","row":"","isLinked":true,"unit":"px","size":null},"flex_gap_mobile":{"column":"","row":"","isLinked":true,"unit":"px","size":null}},"elements":[{"id":"53d00f17","settings":{"content_width":"full","css_classes":"sliders","margin_tablet_extra":{"unit":"px","top":"20","right":"20","bottom":"20","left":"20","isLinked":true},"width":{"unit":"%","size":90,"sizes":[]},"flex_direction":"row","flex_justify_content":"flex-start","flex_align_items":"center","flex_gap":{"column":"","row":"","isLinked":true,"unit":"px","size":null},"flex_wrap":"nowrap","html_tag":"div","custom_css":"selector{\n    overflow-x: hidden;\n    scroll-behavior: smooth;\n}","_title":"sliders","padding":{"unit":"px","top":"0","right":"0","bottom":"0","left":"0","isLinked":false},"width_mobile":{"unit":"%","size":100,"sizes":[]},"flex_gap_mobile_extra":{"column":"0","row":"0","isLinked":true,"unit":"px","size":0},"margin_mobile":{"unit":"px","top":"0","right":"0","bottom":"0","left":"0","isLinked":true}},"elements":[{"id":"5fc67198","settings":{"flex_direction":"column","boxed_width":{"unit":"px","size":728,"sizes":[]},"flex_justify_content":"center","flex_align_items":"flex-start","flex_gap":{"column":"24","row":"24","isLinked":true,"unit":"px","size":24},"padding":{"unit":"px","top":"24","right":"24","bottom":"24","left":"24","isLinked":true},"content_width":"full","box_shadow_box_shadow":{"horizontal":0,"vertical":0,"blur":6,"spread":0,"color":"rgba(0, 0, 0, 0.22)"},"css_classes":"slider-item","width_tablet_extra":{"unit":"%","size":100,"sizes":[]},"width_tablet":{"unit":"%","size":"","sizes":[]},"width_mobile_extra":{"unit":"%","size":"","sizes":[]},"width_mobile":{"unit":"%","size":"","sizes":[]},"width_widescreen":{"unit":"%","size":"","sizes":[]},"width_laptop":{"unit":"%","size":"","sizes":[]},"border_border":"solid","border_width":{"unit":"px","top":"1","right":"1","bottom":"1","left":"1","isLinked":true},"border_color":"#02010126","margin":{"unit":"px","top":"0","right":"0","bottom":"0","left":"0","isLinked":false},"custom_css":"selector{\n    min-width: 100%;\n}"},"elements":[{"id":"7313c43c","settings":{"content_width":"full","flex_direction":"row","flex_justify_content":"space-between","flex_align_items":"center","flex_direction_mobile":"column","flex_align_items_mobile":"flex-start"},"elements":[{"id":"4d1283f1","settings":{"selected_icon":{"value":{"url":"https:\/\/creativewisdom.agency\/jahid\/wp-content\/uploads\/2025\/01\/image-47.svg","id":39},"library":"svg"},"title_text":"Rafsan","description_text":"Product Designer, USA","position":"left","content_vertical_alignment":"middle","text_align":"left","icon_space":{"unit":"px","size":21,"sizes":[]},"title_bottom_space":{"unit":"px","size":4,"sizes":[]},"title_color":"#141D38","title_typography_typography":"custom","title_typography_font_family":"Poppins","title_typography_font_size":{"unit":"px","size":32,"sizes":[]},"title_typography_font_weight":"600","title_typography_line_height":{"unit":"px","size":40,"sizes":[]},"description_color":"#4A4B53","description_typography_typography":"custom","description_typography_font_family":"Poppins","description_typography_font_size":{"unit":"px","size":16,"sizes":[]},"description_typography_font_weight":"400","description_typography_line_height":{"unit":"px","size":24,"sizes":[]}},"elements":[],"isInner":false,"widgetType":"icon-box","elType":"widget"},{"id":"5ffd6e23","settings":{"rating_value":4.5,"rating_icon":{"value":{"url":"https:\/\/creativewisdom.agency\/jahid\/wp-content\/uploads\/2025\/01\/Star-4.svg","id":118},"library":"svg"}},"elements":[],"isInner":false,"widgetType":"rating","elType":"widget"}],"isInner":true,"elType":"container"},{"id":"701a3c65","settings":{"editor":"\u201cI highly recommend this business. Their customer service is second to none. The product quality is consistently outstanding, exceeding my expectations every time. I was completely impressed with their professionalism and customer service.\u201d<span style=\"color: #A5A8B4\"> - Jun 13, 2024<\/span>","align":"left","text_color":"#4A4B53","typography_typography":"custom","typography_font_family":"Poppins","typography_font_size":{"unit":"px","size":20,"sizes":[]},"typography_font_weight":"400","typography_line_height":{"unit":"px","size":32,"sizes":[]}},"elements":[],"isInner":false,"widgetType":"text-editor","elType":"widget"}],"isInner":true,"elType":"container"},{"id":"1bb020a4","settings":{"flex_direction":"column","boxed_width":{"unit":"px","size":728,"sizes":[]},"flex_justify_content":"center","flex_align_items":"flex-start","flex_gap":{"column":"24","row":"24","isLinked":true,"unit":"px","size":24},"padding":{"unit":"px","top":"24","right":"24","bottom":"24","left":"24","isLinked":true},"content_width":"full","box_shadow_box_shadow":{"horizontal":0,"vertical":0,"blur":6,"spread":0,"color":"rgba(0, 0, 0, 0.22)"},"css_classes":"slider-item","width_widescreen":{"unit":"%","size":"","sizes":[]},"width_laptop":{"unit":"%","size":"","sizes":[]},"width_tablet_extra":{"unit":"%","size":100,"sizes":[]},"width_tablet":{"unit":"%","size":"","sizes":[]},"width_mobile_extra":{"unit":"%","size":"","sizes":[]},"width_mobile":{"unit":"%","size":"","sizes":[]},"border_border":"solid","border_width":{"unit":"px","top":"1","right":"1","bottom":"1","left":"1","isLinked":true},"border_color":"#02010126","margin":{"unit":"px","top":"0","right":"0","bottom":"0","left":"0","isLinked":false},"custom_css":"selector{\n    min-width: 100%;\n}"},"elements":[{"id":"5e95a346","settings":{"content_width":"full","flex_direction":"row","flex_justify_content":"space-between","flex_align_items":"center"},"elements":[{"id":"4659af35","settings":{"selected_icon":{"value":{"url":"https:\/\/creativewisdom.agency\/jahid\/wp-content\/uploads\/2025\/01\/Ellipse-25.svg","id":117},"library":"svg"},"title_text":"Alex Dubian","description_text":"Product Designer, USA","position":"left","content_vertical_alignment":"middle","text_align":"left","icon_space":{"unit":"px","size":21,"sizes":[]},"title_bottom_space":{"unit":"px","size":4,"sizes":[]},"title_color":"#141D38","title_typography_typography":"custom","title_typography_font_family":"Poppins","title_typography_font_size":{"unit":"px","size":32,"sizes":[]},"title_typography_font_weight":"600","title_typography_line_height":{"unit":"px","size":40,"sizes":[]},"description_color":"#4A4B53","description_typography_typography":"custom","description_typography_font_family":"Poppins","description_typography_font_size":{"unit":"px","size":16,"sizes":[]},"description_typography_font_weight":"400","description_typography_line_height":{"unit":"px","size":24,"sizes":[]}},"elements":[],"isInner":false,"widgetType":"icon-box","elType":"widget"},{"id":"43bc692b","settings":{"rating_value":4.5,"rating_icon":{"value":{"url":"https:\/\/creativewisdom.agency\/jahid\/wp-content\/uploads\/2025\/01\/Star-4.svg","id":118},"library":"svg"}},"elements":[],"isInner":false,"widgetType":"rating","elType":"widget"}],"isInner":true,"elType":"container"},{"id":"7fe087c3","settings":{"editor":"\u201cI highly recommend this business. Their customer service is second to none. The product quality is consistently outstanding, exceeding my expectations every time. I was completely impressed with their professionalism and customer service.\u201d<span style=\"color: #A5A8B4\"> - Jun 13, 2024<\/span>","align":"left","text_color":"#4A4B53","typography_typography":"custom","typography_font_family":"Poppins","typography_font_size":{"unit":"px","size":20,"sizes":[]},"typography_font_weight":"400","typography_line_height":{"unit":"px","size":32,"sizes":[]}},"elements":[],"isInner":false,"widgetType":"text-editor","elType":"widget"}],"isInner":true,"elType":"container"},{"id":"69ea86ba","settings":{"flex_direction":"column","boxed_width":{"unit":"px","size":728,"sizes":[]},"flex_justify_content":"center","flex_align_items":"flex-start","flex_gap":{"column":"24","row":"24","isLinked":true,"unit":"px","size":24},"padding":{"unit":"px","top":"24","right":"24","bottom":"24","left":"24","isLinked":true},"content_width":"full","box_shadow_box_shadow":{"horizontal":0,"vertical":0,"blur":6,"spread":0,"color":"rgba(0, 0, 0, 0.22)"},"css_classes":"slider-item","width_widescreen":{"unit":"%","size":"","sizes":[]},"width_laptop":{"unit":"%","size":"","sizes":[]},"width_tablet_extra":{"unit":"%","size":100,"sizes":[]},"width_tablet":{"unit":"%","size":"","sizes":[]},"width_mobile_extra":{"unit":"%","size":"","sizes":[]},"width_mobile":{"unit":"%","size":"","sizes":[]},"border_border":"solid","border_width":{"unit":"px","top":"1","right":"1","bottom":"1","left":"1","isLinked":true},"border_color":"#02010126","margin":{"unit":"px","top":"0","right":"0","bottom":"0","left":"0","isLinked":false},"custom_css":"selector{\n    min-width: 100%;\n}"},"elements":[{"id":"1c819218","settings":{"content_width":"full","flex_direction":"row","flex_justify_content":"space-between","flex_align_items":"center"},"elements":[{"id":"49bf648c","settings":{"selected_icon":{"value":{"url":"https:\/\/creativewisdom.agency\/jahid\/wp-content\/uploads\/2025\/01\/Frame-2-1.svg","id":98},"library":"svg"},"title_text":"Jahid Islam","description_text":"Product Designer, USA","position":"left","content_vertical_alignment":"middle","text_align":"left","icon_space":{"unit":"px","size":21,"sizes":[]},"title_bottom_space":{"unit":"px","size":4,"sizes":[]},"title_color":"#141D38","title_typography_typography":"custom","title_typography_font_family":"Poppins","title_typography_font_size":{"unit":"px","size":32,"sizes":[]},"title_typography_font_weight":"600","title_typography_line_height":{"unit":"px","size":40,"sizes":[]},"description_color":"#4A4B53","description_typography_typography":"custom","description_typography_font_family":"Poppins","description_typography_font_size":{"unit":"px","size":16,"sizes":[]},"description_typography_font_weight":"400","description_typography_line_height":{"unit":"px","size":24,"sizes":[]}},"elements":[],"isInner":false,"widgetType":"icon-box","elType":"widget"},{"id":"64663065","settings":{"rating_value":4.5,"rating_icon":{"value":{"url":"https:\/\/creativewisdom.agency\/jahid\/wp-content\/uploads\/2025\/01\/Star-4.svg","id":118},"library":"svg"}},"elements":[],"isInner":false,"widgetType":"rating","elType":"widget"}],"isInner":true,"elType":"container"},{"id":"33dbef4d","settings":{"editor":"\u201cI highly recommend this business. Their customer service is second to none. The product quality is consistently outstanding, exceeding my expectations every time. I was completely impressed with their professionalism and customer service.\u201d<span style=\"color: #A5A8B4\"> - Jun 13, 2024<\/span>","align":"left","text_color":"#4A4B53","typography_typography":"custom","typography_font_family":"Poppins","typography_font_size":{"unit":"px","size":20,"sizes":[]},"typography_font_weight":"400","typography_line_height":{"unit":"px","size":32,"sizes":[]}},"elements":[],"isInner":false,"widgetType":"text-editor","elType":"widget"}],"isInner":true,"elType":"container"}],"isInner":true,"elType":"container"}],"isInner":true,"elType":"container"},{"id":"7999c39e","settings":{"content_width":"full","width":{"unit":"px","size":120,"sizes":[]},"flex_justify_content":"center","flex_align_items":"center","flex_gap":{"column":"125","row":"125","isLinked":true,"unit":"px","size":125},"flex_direction_tablet_extra":"row","_title":"buttons"},"elements":[{"id":"22443ce8","settings":{"text":"Previous","link":{"url":"","is_external":"","nofollow":"","custom_attributes":""},"selected_icon":{"value":"fas fa-arrow-left","library":"fa-solid"},"icon_indent":{"unit":"px","size":8,"sizes":[]},"typography_typography":"custom","typography_font_family":"Poppins","typography_font_size":{"unit":"px","size":16,"sizes":[]},"typography_font_weight":"600","typography_line_height":{"unit":"px","size":25,"sizes":[]},"button_text_color":"#141D38","background_color":"#FFFFFF00","text_padding":{"unit":"px","top":"0","right":"0","bottom":"0","left":"0","isLinked":true},"_css_classes":"slider-pre-btn","custom_css":"selector{\n    cursor: pointer;\n}"},"elements":[],"isInner":false,"widgetType":"button","elType":"widget"},{"id":"23e1841b","settings":{"text":"Next","selected_icon":{"value":"fas fa-arrow-right","library":"fa-solid"},"icon_align":"row-reverse","icon_indent":{"unit":"px","size":8,"sizes":[]},"typography_typography":"custom","typography_font_family":"Poppins","typography_font_size":{"unit":"px","size":16,"sizes":[]},"typography_font_weight":"600","typography_line_height":{"unit":"px","size":25,"sizes":[]},"button_text_color":"#141D38","background_color":"#FFFFFF00","text_padding":{"unit":"px","top":"0","right":"0","bottom":"0","left":"0","isLinked":true},"link":{"url":"","is_external":"","nofollow":"","custom_attributes":""},"_css_classes":"slider-next-btn","custom_css":"selector{\n    cursor: pointer;\n}"},"elements":[],"isInner":false,"widgetType":"button","elType":"widget"}],"isInner":true,"elType":"container"}],"isInner":true,"elType":"container"}],"isInner":false,"elType":"container"},{"id":"68a46ba6","settings":{"flex_direction":"row","boxed_width":{"unit":"px","size":1320,"sizes":[]},"flex_justify_content":"space-between","flex_align_items":"center","flex_gap":{"column":"88","row":"88","isLinked":true,"unit":"px","size":88},"background_background":"classic","background_color":"#262A3D","padding":{"unit":"px","top":"80","right":"0","bottom":"80","left":"0","isLinked":false},"_title":"footer","boxed_width_laptop":{"unit":"px","size":1020,"sizes":[]},"flex_direction_tablet_extra":"column","flex_align_items_tablet_extra":"flex-start","margin_mobile":{"unit":"px","top":"50","right":"0","bottom":"0","left":"0","isLinked":false},"padding_tablet_extra":{"unit":"px","top":"40","right":"50","bottom":"40","left":"50","isLinked":false},"padding_mobile":{"unit":"px","top":"20","right":"20","bottom":"20","left":"20","isLinked":false}},"elements":[{"id":"2639263f","settings":{"content_width":"full","width":{"unit":"px","size":424,"sizes":[]}},"elements":[{"id":"1225d686","settings":{"title":"Miami Vip Service","typography_typography":"custom","typography_font_family":"Poppins","typography_font_size":{"unit":"px","size":28,"sizes":[]},"typography_font_weight":"700","typography_line_height":{"unit":"px","size":36,"sizes":[]},"title_color":"#FFFFFF"},"elements":[],"isInner":false,"widgetType":"heading","elType":"widget"},{"id":"3d2180f","settings":{"editor":"<p>For most business that want to optimize web queries and most to purchase.<\/p>","text_color":"#FFFFFF","typography_typography":"custom","typography_font_family":"Poppins","typography_font_size":{"unit":"px","size":16,"sizes":[]},"typography_font_weight":"400","typography_line_height":{"unit":"px","size":24,"sizes":[]},"paragraph_spacing":{"unit":"px","size":0,"sizes":[]},"_margin":{"unit":"px","top":"16","right":"0","bottom":"0","left":"0","isLinked":false}},"elements":[],"isInner":false,"widgetType":"text-editor","elType":"widget"},{"id":"6e75ab6e","settings":{"content_width":"full","width":{"unit":"%","size":80,"sizes":[]},"flex_direction":"column","flex_justify_content":"flex-start","flex_align_items":"flex-start","flex_gap":{"column":"20","row":"20","isLinked":true,"unit":"px","size":20},"margin":{"unit":"px","top":"24","right":"0","bottom":"0","left":"0","isLinked":false}},"elements":[{"id":"6702fcfe","settings":{"title_text":"877-730-0276","description_text":"","position":"left","content_vertical_alignment":"middle","selected_icon":{"value":{"url":"https:\/\/creativewisdom.agency\/jahid\/wp-content\/uploads\/2025\/01\/call.svg","id":31},"library":"svg"},"icon_space":{"unit":"px","size":8,"sizes":[]},"title_bottom_space":{"unit":"px","size":0,"sizes":[]},"icon_size":{"unit":"px","size":24,"sizes":[]},"title_color":"#FFFFFF","title_typography_typography":"custom","title_typography_font_family":"Poppins","title_typography_font_size":{"unit":"px","size":16,"sizes":[]},"title_typography_font_weight":"400","title_typography_line_height":{"unit":"px","size":20,"sizes":[]},"primary_color":"#FFFFFF","position_mobile":"left"},"elements":[],"isInner":false,"widgetType":"icon-box","elType":"widget"},{"id":"5b4c4dcd","settings":{"title_text":"info@itpromiami.com","description_text":"","position":"left","content_vertical_alignment":"middle","selected_icon":{"value":{"url":"https:\/\/creativewisdom.agency\/jahid\/wp-content\/uploads\/2025\/01\/sms-tracking.svg","id":33},"library":"svg"},"icon_space":{"unit":"px","size":8,"sizes":[]},"title_bottom_space":{"unit":"px","size":0,"sizes":[]},"icon_size":{"unit":"px","size":24,"sizes":[]},"title_color":"#FFFFFF","title_typography_typography":"custom","title_typography_font_family":"Poppins","title_typography_font_size":{"unit":"px","size":16,"sizes":[]},"title_typography_font_weight":"400","title_typography_line_height":{"unit":"px","size":20,"sizes":[]},"primary_color":"#FFFFFF","position_mobile":"left"},"elements":[],"isInner":false,"widgetType":"icon-box","elType":"widget"},{"id":"12a27344","settings":{"title_text":"3680 NW 11 street Miami, Florida 3312","description_text":"","position":"left","content_vertical_alignment":"middle","selected_icon":{"value":{"url":"https:\/\/creativewisdom.agency\/jahid\/wp-content\/uploads\/2025\/01\/location.svg","id":34},"library":"svg"},"icon_space":{"unit":"px","size":8,"sizes":[]},"title_bottom_space":{"unit":"px","size":0,"sizes":[]},"icon_size":{"unit":"px","size":24,"sizes":[]},"title_color":"#FFFFFF","title_typography_typography":"custom","title_typography_font_family":"Poppins","title_typography_font_size":{"unit":"px","size":16,"sizes":[]},"title_typography_font_weight":"400","title_typography_line_height":{"unit":"px","size":20,"sizes":[]},"primary_color":"#FFFFFF","position_mobile":"left"},"elements":[],"isInner":false,"widgetType":"icon-box","elType":"widget"}],"isInner":true,"elType":"container"}],"isInner":true,"elType":"container"},{"id":"cd41667","settings":{"content_width":"full","container_type":"grid","width":{"unit":"%","size":60,"sizes":[]},"grid_rows_grid":{"unit":"fr","size":1,"sizes":[]},"presetTitle":"Grid","presetIcon":"eicon-container-grid","width_tablet_extra":{"unit":"%","size":100,"sizes":[]},"width_tablet":{"unit":"%","size":"","sizes":[]},"width_mobile_extra":{"unit":"%","size":"","sizes":[]},"width_mobile":{"unit":"%","size":"","sizes":[]},"grid_columns_grid_mobile_extra":{"unit":"fr","size":1,"sizes":[]}},"elements":[{"id":"5632ab93","settings":{"content_width":"full","margin_mobile_extra":{"unit":"px","top":"0","right":"0","bottom":"0","left":"0","isLinked":false}},"elements":[{"id":"78e2ea33","settings":{"title":"About Us","typography_typography":"custom","typography_font_family":"Poppins","typography_font_size":{"unit":"px","size":24,"sizes":[]},"typography_font_weight":"600","typography_line_height":{"unit":"px","size":27,"sizes":[]},"title_color":"#FFFFFF"},"elements":[],"isInner":false,"widgetType":"heading","elType":"widget"},{"id":"56adc48d","settings":{"menu_name":"Menu","menu":"primary-menu","layout":"vertical","align_items":"start","pointer":"none","submenu_icon":{"value":"","library":""},"toggle_align":"left","menu_typography_typography":"custom","menu_typography_font_family":"Poppins","menu_typography_font_size":{"unit":"px","size":16,"sizes":[]},"menu_typography_font_weight":"400","menu_typography_text_transform":"capitalize","menu_typography_line_height":{"unit":"px","size":40,"sizes":[]},"color_menu_item":"#FFFFFF","padding_horizontal_menu_item":{"unit":"px","size":0,"sizes":[]},"menu_space_between":{"unit":"px","size":0,"sizes":[]},"_title":"WordPress Menu","_margin":{"unit":"px","top":"16","right":"0","bottom":"0","left":"0","isLinked":false},"dropdown":"none","toggle":"","menu_id":2},"elements":[],"isInner":false,"widgetType":"nav-menu","elType":"widget"}],"isInner":true,"elType":"container"},{"id":"4177ba07","settings":{"content_width":"full","margin_mobile_extra":{"unit":"px","top":"20","right":"0","bottom":"0","left":"0","isLinked":false}},"elements":[{"id":"2cbedf92","settings":{"title":"Buy Now","typography_typography":"custom","typography_font_family":"Poppins","typography_font_size":{"unit":"px","size":24,"sizes":[]},"typography_font_weight":"600","typography_line_height":{"unit":"px","size":27,"sizes":[]},"title_color":"#FFFFFF"},"elements":[],"isInner":false,"widgetType":"heading","elType":"widget"},{"id":"6667995","settings":{"menu_name":"Menu","menu":"primary-menu","layout":"vertical","align_items":"start","pointer":"none","submenu_icon":{"value":"","library":""},"toggle_align":"left","menu_typography_typography":"custom","menu_typography_font_family":"Poppins","menu_typography_font_size":{"unit":"px","size":16,"sizes":[]},"menu_typography_font_weight":"400","menu_typography_text_transform":"capitalize","menu_typography_line_height":{"unit":"px","size":40,"sizes":[]},"color_menu_item":"#FFFFFF","padding_horizontal_menu_item":{"unit":"px","size":0,"sizes":[]},"menu_space_between":{"unit":"px","size":0,"sizes":[]},"_title":"WordPress Menu","_margin":{"unit":"px","top":"16","right":"0","bottom":"0","left":"0","isLinked":false},"dropdown":"none","menu_id":2},"elements":[],"isInner":false,"widgetType":"nav-menu","elType":"widget"}],"isInner":true,"elType":"container"},{"id":"70c91fe4","settings":{"content_width":"full","margin_mobile_extra":{"unit":"px","top":"20","right":"0","bottom":"0","left":"0","isLinked":false}},"elements":[{"id":"3b852bb0","settings":{"title":"Shipping","typography_typography":"custom","typography_font_family":"Poppins","typography_font_size":{"unit":"px","size":24,"sizes":[]},"typography_font_weight":"600","typography_line_height":{"unit":"px","size":27,"sizes":[]},"title_color":"#FFFFFF"},"elements":[],"isInner":false,"widgetType":"heading","elType":"widget"},{"id":"30212e38","settings":{"menu_name":"Menu","menu":"primary-menu","layout":"vertical","align_items":"start","pointer":"none","submenu_icon":{"value":"","library":""},"toggle_align":"left","menu_typography_typography":"custom","menu_typography_font_family":"Poppins","menu_typography_font_size":{"unit":"px","size":16,"sizes":[]},"menu_typography_font_weight":"400","menu_typography_text_transform":"capitalize","menu_typography_line_height":{"unit":"px","size":40,"sizes":[]},"color_menu_item":"#FFFFFF","padding_horizontal_menu_item":{"unit":"px","size":0,"sizes":[]},"menu_space_between":{"unit":"px","size":0,"sizes":[]},"_title":"WordPress Menu","_margin":{"unit":"px","top":"16","right":"0","bottom":"0","left":"0","isLinked":false},"dropdown":"none","menu_id":2},"elements":[],"isInner":false,"widgetType":"nav-menu","elType":"widget"}],"isInner":true,"elType":"container"}],"isInner":true,"elType":"container"}],"isInner":false,"elType":"container"},{"id":"2f57983f","settings":{"flex_direction":"column","_title":"custom code"},"elements":[{"id":"4c0c8aca","settings":{"html":"<style>\n::-webkit-scrollbar {\n  display: none;\n}\n<\/style>\n\n<script>\nconst sliders = document.querySelector(\".sliders\");\nconst sliderPreBtn = document.querySelector(\".slider-pre-btn\");\nconst sliderNextBtn = document.querySelector(\".slider-next-btn\");\n    \nsliderPreBtn.onclick = ()=> {\n    sliders.scrollBy(-sliders.clientWidth, 0);\n}\n\nsliderNextBtn.onclick = ()=> {\n    sliders.scrollBy(sliders.clientWidth, 0);\n}\n\n<\/script>"},"elements":[],"isInner":false,"widgetType":"html","elType":"widget"}],"isInner":false,"elType":"container"}],"page_settings":[],"version":"0.4","title":"home","type":"page"}