{"content":[{"id":"12e06ca5","settings":{"flex_direction":"column","boxed_width":{"unit":"px","size":1600,"sizes":[]},"flex_gap":{"column":"0","row":"0","isLinked":true,"unit":"px","size":0},"background_background":"classic","background_image":{"url":"https:\/\/creativewisdom.agency\/jahid\/wp-content\/uploads\/2025\/01\/Ellipse-1.png","id":646,"size":"","alt":"","source":"library"},"background_position":"top center","background_repeat":"no-repeat","background_size":"cover","background_overlay_background":"classic","background_overlay_image":{"url":"https:\/\/creativewisdom.agency\/jahid\/wp-content\/uploads\/2025\/01\/Group.png","id":570,"size":"","alt":"","source":"library"},"background_overlay_position":"initial","background_overlay_ypos":{"unit":"px","size":248,"sizes":[]},"background_overlay_repeat":"no-repeat","background_overlay_size":"cover","background_overlay_opacity":{"unit":"px","size":0.76,"sizes":[]},"overlay_blend_mode":"multiply","margin":{"unit":"px","top":"0","right":"0","bottom":"0","left":"0","isLinked":false},"padding":{"unit":"px","top":"35","right":"0","bottom":"0","left":"0","isLinked":false},"background_position_widescreen":"bottom center"},"elements":[{"id":"25e10f5c","settings":{"content_width":"full","flex_direction":"row","flex_justify_content":"space-between","flex_align_items":"center","padding":{"unit":"px","top":"0","right":"0","bottom":"0","left":"0","isLinked":true},"_title":"header","padding_laptop":{"unit":"px","top":"0","right":"50","bottom":"0","left":"50","isLinked":false},"padding_mobile":{"unit":"px","top":"0","right":"20","bottom":"0","left":"20","isLinked":false}},"elements":[{"id":"4e482824","settings":{"image":{"url":"https:\/\/creativewisdom.agency\/jahid\/wp-content\/uploads\/2025\/01\/Vector-2.svg","id":571,"size":"","alt":"","source":"library"},"image_size":"full","width":{"unit":"px","size":147,"sizes":[]},"width_tablet":{"unit":"px","size":"","sizes":[]},"width_mobile":{"unit":"px","size":100,"sizes":[]}},"elements":[],"isInner":false,"widgetType":"image","elType":"widget"},{"id":"508eae87","settings":{"text":"Get Started","typography_typography":"custom","typography_font_family":"Poppins","typography_font_size":{"unit":"px","size":16,"sizes":[]},"typography_font_weight":"500","typography_line_height":{"unit":"px","size":24,"sizes":[]},"button_text_color":"#373B49","background_color":"#FFFFFF","border_radius":{"unit":"px","top":"12","right":"12","bottom":"12","left":"12","isLinked":true},"button_box_shadow_box_shadow_type":"yes","button_box_shadow_box_shadow":{"horizontal":0,"vertical":0,"blur":10,"spread":0,"color":"rgba(0, 0, 0, 0.18)"},"text_padding":{"unit":"px","top":"12","right":"21","bottom":"12","left":"21","isLinked":false},"text_padding_mobile":{"unit":"px","top":"8","right":"15","bottom":"8","left":"15","isLinked":false}},"elements":[],"isInner":false,"widgetType":"button","elType":"widget"}],"isInner":true,"elType":"container"},{"id":"59388aef","settings":{"content_width":"full","margin":{"unit":"px","top":"116","right":"0","bottom":"0","left":"0","isLinked":false},"padding":{"unit":"px","top":"0","right":"0","bottom":"0","left":"0","isLinked":true},"_title":"hero","margin_mobile":{"unit":"px","top":"50","right":"0","bottom":"0","left":"0","isLinked":false}},"elements":[{"id":"6bfc48c5","settings":{"title":"The Web3 <br\/>  <span style=\"color:#587AF6\">Growth Platform<\/span>","align":"center","typography_typography":"custom","typography_font_family":"Poppins","typography_font_size":{"unit":"px","size":80,"sizes":[]},"typography_font_weight":"600","title_color":"#2A2D36","_margin":{"unit":"px","top":"0","right":"0","bottom":"0","left":"0","isLinked":false},"typography_font_size_tablet":{"unit":"px","size":70,"sizes":[]},"typography_font_size_mobile":{"unit":"px","size":30,"sizes":[]},"_padding_mobile":{"unit":"px","top":"0","right":"20","bottom":"0","left":"20","isLinked":false}},"elements":[],"isInner":false,"widgetType":"heading","elType":"widget"},{"id":"2adf565a","settings":{"editor":"<p>Drive growth through super-targeted user acquisition using on-chain data and AI.<\/p>","column_gap":{"unit":"px","size":0,"sizes":[]},"align":"center","text_color":"#31334C","typography_typography":"custom","typography_font_family":"Poppins","typography_font_size":{"unit":"px","size":20,"sizes":[]},"typography_font_weight":"400","paragraph_spacing":{"unit":"px","size":0,"sizes":[]},"typography_font_size_mobile_extra":{"unit":"px","size":16,"sizes":[]},"typography_font_size_mobile":{"unit":"px","size":12,"sizes":[]},"_padding_mobile":{"unit":"px","top":"0","right":"20","bottom":"0","left":"20","isLinked":false}},"elements":[],"isInner":false,"widgetType":"text-editor","elType":"widget"},{"id":"50439bca","settings":{"text":"Get Started","align":"center","typography_typography":"custom","typography_font_family":"Poppins","typography_font_size":{"unit":"px","size":20,"sizes":[]},"typography_font_weight":"500","typography_line_height":{"unit":"px","size":30,"sizes":[]},"button_text_color":"#FFFFFF","background_background":"gradient","background_color":"#2A48B2","background_color_b":"#587AF6","background_gradient_angle":{"unit":"deg","size":241,"sizes":[]},"border_radius":{"unit":"px","top":"12","right":"12","bottom":"12","left":"12","isLinked":true},"button_box_shadow_box_shadow_type":"yes","button_box_shadow_box_shadow":{"horizontal":0,"vertical":0,"blur":10,"spread":0,"color":"rgba(0, 0, 0, 0.18)"},"text_padding":{"unit":"px","top":"10","right":"27","bottom":"10","left":"27","isLinked":false},"_margin":{"unit":"px","top":"30","right":"0","bottom":"0","left":"0","isLinked":false},"_padding":{"unit":"px","top":"0","right":"0","bottom":"0","left":"0","isLinked":false},"align_mobile":"justify","_padding_mobile":{"unit":"px","top":"0","right":"20","bottom":"0","left":"20","isLinked":false},"_flex_align_self_mobile":"stretch"},"elements":[],"isInner":false,"widgetType":"button","elType":"widget"},{"id":"74926250","settings":{"image":{"url":"https:\/\/creativewisdom.agency\/jahid\/wp-content\/uploads\/2025\/01\/Group-100.png","id":575,"size":"","alt":"","source":"library"},"image_size":"full","width":{"unit":"%","size":100,"sizes":[]},"_margin":{"unit":"px","top":"106","right":"0","bottom":"-170","left":"0","isLinked":false},"_margin_mobile":{"unit":"px","top":"50","right":"0","bottom":"-50","left":"0","isLinked":false},"_padding_laptop":{"unit":"px","top":"0","right":"50","bottom":"0","left":"50","isLinked":false},"_padding_mobile":{"unit":"px","top":"0","right":"10","bottom":"0","left":"10","isLinked":false}},"elements":[],"isInner":false,"widgetType":"image","elType":"widget"},{"id":"2a070802","settings":{"selected_icon":{"value":{"url":"https:\/\/creativewisdom.agency\/jahid\/wp-content\/uploads\/2025\/01\/Subtract.svg","id":592},"library":"svg"},"view":"stacked","title_text":"Verified Account","description_text":"100+","position":"left","content_vertical_alignment":"middle","text_align":"left","icon_space":{"unit":"px","size":19,"sizes":[]},"title_bottom_space":{"unit":"px","size":6,"sizes":[]},"primary_color":"#587AF61C","icon_size":{"unit":"px","size":28,"sizes":[]},"icon_padding":{"unit":"px","size":12,"sizes":[]},"title_color":"#373B49","title_typography_typography":"custom","title_typography_font_family":"Poppins","title_typography_font_size":{"unit":"px","size":14,"sizes":[]},"title_typography_font_weight":"400","description_color":"#373B49","description_typography_typography":"custom","description_typography_font_family":"Poppins","description_typography_font_size":{"unit":"px","size":30,"sizes":[]},"description_typography_font_weight":"bold","_padding":{"unit":"px","top":"14","right":"51","bottom":"14","left":"18","isLinked":false},"_element_width":"auto","_element_custom_width":{"unit":"px","size":255,"sizes":[]},"_position":"absolute","_offset_x":{"unit":"px","size":"","sizes":[]},"_offset_y":{"unit":"px","size":143,"sizes":[]},"_background_background":"classic","_background_color":"#FFFFFF","_border_border":"solid","_border_width":{"unit":"px","top":"1","right":"1","bottom":"1","left":"1","isLinked":true},"_border_color":"#000000","_border_radius":{"unit":"px","top":"18","right":"18","bottom":"18","left":"18","isLinked":true},"icon_space_laptop":{"unit":"px","size":7,"sizes":[]},"title_bottom_space_laptop":{"unit":"px","size":0,"sizes":[]},"icon_size_laptop":{"unit":"px","size":24,"sizes":[]},"icon_padding_laptop":{"unit":"px","size":10,"sizes":[]},"description_typography_font_size_laptop":{"unit":"px","size":28,"sizes":[]},"_padding_laptop":{"unit":"px","top":"10","right":"30","bottom":"10","left":"30","isLinked":false},"_offset_x_laptop":{"unit":"px","size":40,"sizes":[]},"_offset_x_tablet_extra":{"unit":"px","size":20,"sizes":[]},"_offset_y_laptop":{"unit":"px","size":100,"sizes":[]},"_offset_y_tablet_extra":{"unit":"px","size":30,"sizes":[]},"hide_tablet":"hidden-tablet","hide_mobile_extra":"hidden-mobile_extra","hide_mobile":"hidden-mobile"},"elements":[],"isInner":false,"widgetType":"icon-box","elType":"widget"},{"id":"10bfe677","settings":{"selected_icon":{"value":{"url":"https:\/\/creativewisdom.agency\/jahid\/wp-content\/uploads\/2025\/01\/Subtract.svg","id":592},"library":"svg"},"view":"stacked","title_text":"Verified Account","description_text":"100+","position":"left","content_vertical_alignment":"middle","text_align":"left","icon_space":{"unit":"px","size":19,"sizes":[]},"title_bottom_space":{"unit":"px","size":6,"sizes":[]},"primary_color":"#587AF61C","icon_size":{"unit":"px","size":28,"sizes":[]},"icon_padding":{"unit":"px","size":12,"sizes":[]},"title_color":"#373B49","title_typography_typography":"custom","title_typography_font_family":"Poppins","title_typography_font_size":{"unit":"px","size":14,"sizes":[]},"title_typography_font_weight":"400","description_color":"#373B49","description_typography_typography":"custom","description_typography_font_family":"Poppins","description_typography_font_size":{"unit":"px","size":30,"sizes":[]},"description_typography_font_weight":"bold","_padding":{"unit":"px","top":"14","right":"51","bottom":"14","left":"18","isLinked":false},"_element_width":"auto","_element_custom_width":{"unit":"px","size":255,"sizes":[]},"_position":"absolute","_offset_orientation_h":"end","_offset_x":{"unit":"px","size":"","sizes":[]},"_offset_x_end":{"unit":"px","size":-47,"sizes":[]},"_offset_y":{"unit":"px","size":57,"sizes":[]},"_background_background":"classic","_background_color":"#FFFFFF","_border_border":"none","_border_width":{"unit":"px","top":"0","right":"0","bottom":"0","left":"0","isLinked":true},"_border_color":"#000000","_border_radius":{"unit":"px","top":"18","right":"18","bottom":"18","left":"18","isLinked":true},"_box_shadow_box_shadow_type":"yes","_box_shadow_box_shadow":{"horizontal":0,"vertical":0,"blur":10,"spread":0,"color":"rgba(0, 0, 0, 0.14)"},"icon_space_laptop":{"unit":"px","size":7,"sizes":[]},"title_bottom_space_laptop":{"unit":"px","size":0,"sizes":[]},"icon_size_laptop":{"unit":"px","size":24,"sizes":[]},"icon_padding_laptop":{"unit":"px","size":8,"sizes":[]},"title_typography_font_size_laptop":{"unit":"px","size":14,"sizes":[]},"description_typography_font_size_laptop":{"unit":"px","size":28,"sizes":[]},"_padding_laptop":{"unit":"px","top":"10","right":"30","bottom":"10","left":"30","isLinked":false},"_offset_x_end_laptop":{"unit":"px","size":47,"sizes":[]},"_offset_y_laptop":{"unit":"px","size":50,"sizes":[]},"hide_tablet":"hidden-tablet","hide_mobile_extra":"hidden-mobile_extra","hide_mobile":"hidden-mobile"},"elements":[],"isInner":false,"widgetType":"icon-box","elType":"widget"},{"id":"72ff65e","settings":{"selected_icon":{"value":{"url":"https:\/\/creativewisdom.agency\/jahid\/wp-content\/uploads\/2025\/01\/Subtract.svg","id":592},"library":"svg"},"view":"stacked","title_text":"Verified Account","description_text":"100+","position":"left","content_vertical_alignment":"middle","text_align":"left","icon_space":{"unit":"px","size":19,"sizes":[]},"title_bottom_space":{"unit":"px","size":6,"sizes":[]},"primary_color":"#587AF61C","icon_size":{"unit":"px","size":28,"sizes":[]},"icon_padding":{"unit":"px","size":12,"sizes":[]},"title_color":"#373B49","title_typography_typography":"custom","title_typography_font_family":"Poppins","title_typography_font_size":{"unit":"px","size":14,"sizes":[]},"title_typography_font_weight":"400","description_color":"#373B49","description_typography_typography":"custom","description_typography_font_family":"Poppins","description_typography_font_size":{"unit":"px","size":30,"sizes":[]},"description_typography_font_weight":"bold","_padding":{"unit":"px","top":"14","right":"51","bottom":"14","left":"18","isLinked":false},"_element_width":"auto","_element_custom_width":{"unit":"px","size":255,"sizes":[]},"_position":"absolute","_offset_orientation_h":"end","_offset_x":{"unit":"px","size":"","sizes":[]},"_offset_x_end":{"unit":"px","size":159,"sizes":[]},"_offset_y":{"unit":"px","size":357,"sizes":[]},"_background_background":"classic","_background_color":"#FFFFFF","_border_border":"none","_border_width":{"unit":"px","top":"0","right":"0","bottom":"0","left":"0","isLinked":true},"_border_color":"#000000","_border_radius":{"unit":"px","top":"18","right":"18","bottom":"18","left":"18","isLinked":true},"_box_shadow_box_shadow_type":"yes","_box_shadow_box_shadow":{"horizontal":0,"vertical":0,"blur":10,"spread":0,"color":"rgba(0, 0, 0, 0.14)"},"icon_space_laptop":{"unit":"px","size":12,"sizes":[]},"title_bottom_space_laptop":{"unit":"px","size":0,"sizes":[]},"icon_size_laptop":{"unit":"px","size":24,"sizes":[]},"icon_padding_laptop":{"unit":"px","size":8,"sizes":[]},"description_typography_font_size_laptop":{"unit":"px","size":26,"sizes":[]},"_padding_laptop":{"unit":"px","top":"10","right":"30","bottom":"10","left":"30","isLinked":false},"_offset_x_end_mobile_extra":{"unit":"px","size":100,"sizes":[]},"_offset_y_mobile_extra":{"unit":"px","size":320,"sizes":[]},"hide_mobile":"hidden-mobile"},"elements":[],"isInner":false,"widgetType":"icon-box","elType":"widget"},{"id":"6677e654","settings":{"selected_icon":{"value":{"url":"https:\/\/creativewisdom.agency\/jahid\/wp-content\/uploads\/2025\/01\/Subtract.svg","id":592},"library":"svg"},"view":"stacked","title_text":"Verified Account","description_text":"100+","position":"left","content_vertical_alignment":"middle","text_align":"left","icon_space":{"unit":"px","size":19,"sizes":[]},"title_bottom_space":{"unit":"px","size":6,"sizes":[]},"primary_color":"#587AF61C","icon_size":{"unit":"px","size":28,"sizes":[]},"icon_padding":{"unit":"px","size":12,"sizes":[]},"title_color":"#373B49","title_typography_typography":"custom","title_typography_font_family":"Poppins","title_typography_font_size":{"unit":"px","size":14,"sizes":[]},"title_typography_font_weight":"400","description_color":"#373B49","description_typography_typography":"custom","description_typography_font_family":"Poppins","description_typography_font_size":{"unit":"px","size":30,"sizes":[]},"description_typography_font_weight":"bold","_padding":{"unit":"px","top":"14","right":"51","bottom":"14","left":"18","isLinked":false},"_element_width":"auto","_element_custom_width":{"unit":"px","size":255,"sizes":[]},"_position":"absolute","_offset_x":{"unit":"px","size":75,"sizes":[]},"_offset_x_end":{"unit":"px","size":159,"sizes":[]},"_offset_y":{"unit":"px","size":472,"sizes":[]},"_background_background":"classic","_background_color":"#FFFFFF","_border_border":"none","_border_width":{"unit":"px","top":"0","right":"0","bottom":"0","left":"0","isLinked":true},"_border_color":"#000000","_border_radius":{"unit":"px","top":"18","right":"18","bottom":"18","left":"18","isLinked":true},"_box_shadow_box_shadow_type":"yes","_box_shadow_box_shadow":{"horizontal":0,"vertical":0,"blur":10,"spread":0,"color":"rgba(0, 0, 0, 0.12)"},"icon_space_laptop":{"unit":"px","size":10,"sizes":[]},"title_bottom_space_laptop":{"unit":"px","size":0,"sizes":[]},"icon_size_laptop":{"unit":"px","size":24,"sizes":[]},"icon_padding_laptop":{"unit":"px","size":8,"sizes":[]},"description_typography_font_size_laptop":{"unit":"px","size":26,"sizes":[]},"_padding_laptop":{"unit":"px","top":"10","right":"30","bottom":"10","left":"30","isLinked":false},"_offset_x_laptop":{"unit":"px","size":50,"sizes":[]},"_offset_y_laptop":{"unit":"px","size":400,"sizes":[]},"_offset_y_mobile_extra":{"unit":"px","size":300,"sizes":[]},"hide_mobile":"hidden-mobile"},"elements":[],"isInner":false,"widgetType":"icon-box","elType":"widget"}],"isInner":true,"elType":"container"}],"isInner":false,"elType":"container"},{"id":"63dad8aa","settings":{"flex_direction":"row","container_type":"grid","boxed_width":{"unit":"px","size":1547,"sizes":[]},"grid_columns_grid":{"unit":"fr","size":6,"sizes":[]},"grid_rows_grid":{"unit":"fr","size":1,"sizes":[]},"grid_justify_items":"center","grid_align_items":"center","margin":{"unit":"px","top":"349","right":"0","bottom":"0","left":"0","isLinked":false},"presetTitle":"Grid","presetIcon":"eicon-container-grid","_title":"branding","grid_columns_grid_tablet":{"unit":"fr","size":3,"sizes":[]},"grid_columns_grid_mobile":{"unit":"fr","size":2,"sizes":[]},"grid_rows_grid_tablet":{"unit":"fr","size":2,"sizes":[]},"grid_rows_grid_mobile":{"unit":"fr","size":3,"sizes":[]},"grid_gaps_mobile":{"column":"20","row":"20","isLinked":true,"unit":"px"},"margin_mobile":{"unit":"px","top":"150","right":"0","bottom":"0","left":"0","isLinked":false},"padding_laptop":{"unit":"px","top":"0","right":"50","bottom":"0","left":"50","isLinked":false},"padding_mobile":{"unit":"px","top":"0","right":"20","bottom":"0","left":"20","isLinked":false},"grid_gaps_tablet_extra":{"column":"20","row":"20","isLinked":true,"unit":"px"}},"elements":[{"id":"359e3d20","settings":{"image":{"url":"https:\/\/creativewisdom.agency\/jahid\/wp-content\/uploads\/2025\/01\/655b2e063ae61c94a554b6af_Serotonin-Logo.svg","id":586,"size":"","alt":"","source":"library"},"image_size":"full","width_mobile":{"unit":"%","size":100,"sizes":[]}},"elements":[],"isInner":false,"widgetType":"image","elType":"widget"},{"id":"604b1892","settings":{"image":{"url":"https:\/\/creativewisdom.agency\/jahid\/wp-content\/uploads\/2025\/01\/661fe56559381a478984e44e_playfi-Logo-1.svg","id":606,"size":"","alt":"","source":"library"},"image_size":"full","width_mobile":{"unit":"%","size":100,"sizes":[]}},"elements":[],"isInner":false,"widgetType":"image","elType":"widget"},{"id":"54d1f217","settings":{"image":{"url":"https:\/\/creativewisdom.agency\/jahid\/wp-content\/uploads\/2025\/01\/666a9c5e749eee3303fb3c49_Skale-Logo-1.svg","id":607,"size":"","alt":"","source":"library"},"image_size":"full","width_mobile":{"unit":"%","size":100,"sizes":[]}},"elements":[],"isInner":false,"widgetType":"image","elType":"widget"},{"id":"26a4f513","settings":{"image":{"url":"https:\/\/creativewisdom.agency\/jahid\/wp-content\/uploads\/2025\/01\/Group-98-1.svg","id":609,"size":"","alt":"","source":"library"},"image_size":"full","width_mobile":{"unit":"%","size":100,"sizes":[]}},"elements":[],"isInner":false,"widgetType":"image","elType":"widget"},{"id":"2ef6a972","settings":{"image":{"url":"https:\/\/creativewisdom.agency\/jahid\/wp-content\/uploads\/2025\/01\/Vector-4.svg","id":610,"size":"","alt":"","source":"library"},"image_size":"full","width_mobile":{"unit":"%","size":100,"sizes":[]}},"elements":[],"isInner":false,"widgetType":"image","elType":"widget"},{"id":"562f42e9","settings":{"image":{"url":"https:\/\/creativewisdom.agency\/jahid\/wp-content\/uploads\/2025\/01\/Vector-4.svg","id":610,"size":"","alt":"","source":"library"},"image_size":"full","width_mobile":{"unit":"%","size":100,"sizes":[]}},"elements":[],"isInner":false,"widgetType":"image","elType":"widget"}],"isInner":false,"elType":"container"},{"id":"478938d5","settings":{"flex_direction":"column","boxed_width":{"unit":"px","size":1600,"sizes":[]},"padding":{"unit":"px","top":"0","right":"0","bottom":"0","left":"0","isLinked":false},"padding_laptop":{"unit":"px","top":"0","right":"50","bottom":"0","left":"50","isLinked":false},"padding_mobile":{"unit":"px","top":"0","right":"20","bottom":"0","left":"20","isLinked":false}},"elements":[{"id":"43406f60","settings":{"title":"Harness On-Chain <br\/> for Precision Trageting","align":"center","typography_typography":"custom","typography_font_family":"Poppins","typography_font_size":{"unit":"px","size":80,"sizes":[]},"typography_font_weight":"600","title_color":"#2A2D36","_margin":{"unit":"px","top":"180","right":"0","bottom":"0","left":"0","isLinked":false},"typography_font_size_tablet":{"unit":"px","size":60,"sizes":[]},"typography_font_size_mobile_extra":{"unit":"px","size":45,"sizes":[]},"typography_font_size_mobile":{"unit":"px","size":22,"sizes":[]},"_margin_mobile":{"unit":"px","top":"80","right":"0","bottom":"0","left":"0","isLinked":false},"_margin_tablet_extra":{"unit":"px","top":"140","right":"0","bottom":"0","left":"0","isLinked":false}},"elements":[],"isInner":false,"widgetType":"heading","elType":"widget"},{"id":"52bd76a9","settings":{"container_type":"grid","presetTitle":"Grid","presetIcon":"eicon-container-grid","content_width":"full","width":{"unit":"%","size":100,"sizes":[]},"grid_rows_grid":{"unit":"fr","size":1,"sizes":[]},"grid_gaps":{"column":"20","row":"20","isLinked":true,"unit":"px"},"margin":{"unit":"px","top":"90","right":"0","bottom":"0","left":"0","isLinked":false},"width_widescreen":{"unit":"%","size":"","sizes":[]},"width_laptop":{"unit":"%","size":100,"sizes":[]},"width_tablet_extra":{"unit":"%","size":"","sizes":[]},"width_tablet":{"unit":"%","size":"","sizes":[]},"width_mobile_extra":{"unit":"%","size":"","sizes":[]},"width_mobile":{"unit":"%","size":"","sizes":[]},"grid_columns_grid_laptop":{"unit":"fr","size":3,"sizes":[]},"grid_columns_grid_tablet":{"unit":"fr","size":1,"sizes":[]},"grid_rows_grid_laptop":{"unit":"fr","size":1,"sizes":[]},"grid_rows_grid_tablet":{"unit":"fr","size":3,"sizes":[]},"grid_columns_grid_tablet_extra":{"unit":"fr","size":2,"sizes":[]},"grid_rows_grid_mobile":{"unit":"fr","size":1,"sizes":[]}},"elements":[{"id":"4b683993","settings":{"content_width":"full","background_background":"gradient","background_color":"#587AF626","background_color_b":"#587AF600","border_radius":{"unit":"px","top":"25","right":"25","bottom":"25","left":"25","isLinked":true},"box_shadow_box_shadow_type":"yes","box_shadow_box_shadow":{"horizontal":2,"vertical":0,"blur":5,"spread":0,"color":"rgba(0, 0, 0, 0.12)"},"padding":{"unit":"px","top":"64","right":"62","bottom":"29","left":"62","isLinked":false}},"elements":[{"id":"2ce0ed4c","settings":{"title":"Target Your <br\/>\nDream Audience","align":"center","typography_typography":"custom","typography_font_family":"Poppins","typography_font_size":{"unit":"px","size":32,"sizes":[]},"typography_font_weight":"600","typography_line_height":{"unit":"custom","size":"126.9%","sizes":[]},"typography_line_height_widescreen":{"unit":"custom","size":"","sizes":[]},"typography_line_height_laptop":{"unit":"custom","size":"","sizes":[]},"typography_line_height_tablet_extra":{"unit":"custom","size":"","sizes":[]},"typography_line_height_tablet":{"unit":"custom","size":"","sizes":[]},"typography_line_height_mobile_extra":{"unit":"custom","size":"","sizes":[]},"typography_line_height_mobile":{"unit":"custom","size":"","sizes":[]},"title_color":"#2A2D36","typography_font_size_mobile":{"unit":"px","size":18,"sizes":[]}},"elements":[],"isInner":false,"widgetType":"heading","elType":"widget"},{"id":"2d312616","settings":{"image":{"url":"https:\/\/creativewisdom.agency\/jahid\/wp-content\/uploads\/2025\/01\/Illustration.svg","id":617,"size":"","alt":"","source":"library"},"image_size":"full","width":{"unit":"px","size":"","sizes":[]},"width_tablet":{"unit":"px","size":"","sizes":[]},"width_mobile":{"unit":"px","size":"","sizes":[]},"_margin":{"unit":"px","top":"53","right":"0","bottom":"0","left":"0","isLinked":false}},"elements":[],"isInner":false,"widgetType":"image","elType":"widget"}],"isInner":true,"elType":"container"},{"id":"28ce490b","settings":{"content_width":"full","background_background":"gradient","background_color":"#587AF626","background_color_b":"#587AF600","border_radius":{"unit":"px","top":"25","right":"25","bottom":"25","left":"25","isLinked":true},"box_shadow_box_shadow_type":"yes","box_shadow_box_shadow":{"horizontal":2,"vertical":0,"blur":5,"spread":0,"color":"rgba(0, 0, 0, 0.12)"},"padding":{"unit":"px","top":"64","right":"62","bottom":"29","left":"62","isLinked":false}},"elements":[{"id":"731bd39","settings":{"title":"Target Your <br\/>\nDream Audience","align":"center","typography_typography":"custom","typography_font_family":"Poppins","typography_font_size":{"unit":"px","size":32,"sizes":[]},"typography_font_weight":"600","typography_line_height":{"unit":"custom","size":"126.9%","sizes":[]},"typography_line_height_widescreen":{"unit":"custom","size":"","sizes":[]},"typography_line_height_laptop":{"unit":"custom","size":"","sizes":[]},"typography_line_height_tablet_extra":{"unit":"custom","size":"","sizes":[]},"typography_line_height_tablet":{"unit":"custom","size":"","sizes":[]},"typography_line_height_mobile_extra":{"unit":"custom","size":"","sizes":[]},"typography_line_height_mobile":{"unit":"custom","size":"","sizes":[]},"title_color":"#2A2D36","typography_font_size_mobile":{"unit":"px","size":18,"sizes":[]}},"elements":[],"isInner":false,"widgetType":"heading","elType":"widget"},{"id":"f3f9b4e","settings":{"image":{"url":"https:\/\/creativewisdom.agency\/jahid\/wp-content\/uploads\/2025\/01\/Illustration.svg","id":617,"size":"","alt":"","source":"library"},"image_size":"full","width":{"unit":"px","size":"","sizes":[]},"width_tablet":{"unit":"px","size":"","sizes":[]},"width_mobile":{"unit":"px","size":"","sizes":[]},"_margin":{"unit":"px","top":"53","right":"0","bottom":"0","left":"0","isLinked":false}},"elements":[],"isInner":false,"widgetType":"image","elType":"widget"}],"isInner":true,"elType":"container"},{"id":"5cbdf8bf","settings":{"content_width":"full","background_background":"gradient","background_color":"#587AF626","background_color_b":"#587AF600","border_radius":{"unit":"px","top":"25","right":"25","bottom":"25","left":"25","isLinked":true},"box_shadow_box_shadow_type":"yes","box_shadow_box_shadow":{"horizontal":2,"vertical":0,"blur":5,"spread":0,"color":"rgba(0, 0, 0, 0.12)"},"padding":{"unit":"px","top":"64","right":"62","bottom":"29","left":"62","isLinked":false},"width_tablet_extra":{"unit":"%","size":200,"sizes":[]},"width_tablet":{"unit":"%","size":100,"sizes":[]},"width_mobile_extra":{"unit":"%","size":"","sizes":[]},"width_mobile":{"unit":"%","size":"","sizes":[]},"presetTitle":"Container","presetIcon":"eicon-container"},"elements":[{"id":"19825f2d","settings":{"title":"Target Your <br\/>\nDream Audience","align":"center","typography_typography":"custom","typography_font_family":"Poppins","typography_font_size":{"unit":"px","size":32,"sizes":[]},"typography_font_weight":"600","typography_line_height":{"unit":"custom","size":"126.9%","sizes":[]},"typography_line_height_widescreen":{"unit":"custom","size":"","sizes":[]},"typography_line_height_laptop":{"unit":"custom","size":"","sizes":[]},"typography_line_height_tablet_extra":{"unit":"custom","size":"","sizes":[]},"typography_line_height_tablet":{"unit":"custom","size":"","sizes":[]},"typography_line_height_mobile_extra":{"unit":"custom","size":"","sizes":[]},"typography_line_height_mobile":{"unit":"custom","size":"","sizes":[]},"title_color":"#2A2D36","typography_font_size_mobile":{"unit":"px","size":18,"sizes":[]}},"elements":[],"isInner":false,"widgetType":"heading","elType":"widget"},{"id":"da40c7","settings":{"image":{"url":"https:\/\/creativewisdom.agency\/jahid\/wp-content\/uploads\/2025\/01\/Illustration.svg","id":617,"size":"","alt":"","source":"library"},"image_size":"full","width":{"unit":"px","size":"","sizes":[]},"width_tablet":{"unit":"px","size":"","sizes":[]},"width_mobile":{"unit":"px","size":"","sizes":[]},"_margin":{"unit":"px","top":"53","right":"0","bottom":"0","left":"0","isLinked":false}},"elements":[],"isInner":false,"widgetType":"image","elType":"widget"}],"isInner":true,"elType":"container"}],"isInner":true,"elType":"container"}],"isInner":false,"elType":"container"},{"id":"14c8cba7","settings":{"boxed_width":{"unit":"px","size":1602,"sizes":[]},"flex_align_items":"center","background_background":"classic","background_image":{"url":"","id":"","size":"","alt":"","source":"library"},"background_position":"top center","background_repeat":"no-repeat","background_size":"cover","background_overlay_background":"classic","background_overlay_image":{"url":"https:\/\/creativewisdom.agency\/jahid\/wp-content\/uploads\/2025\/01\/Frame-11.jpg","id":639,"size":"","alt":"","source":"library"},"background_overlay_position":"top center","background_overlay_repeat":"no-repeat","background_overlay_size":"cover","padding":{"unit":"px","top":"179","right":"0","bottom":"179","left":"0","isLinked":false},"boxed_width_laptop":{"unit":"px","size":1600,"sizes":[]},"padding_laptop":{"unit":"px","top":"179","right":"50","bottom":"179","left":"50","isLinked":false},"padding_mobile":{"unit":"px","top":"100","right":"20","bottom":"100","left":"20","isLinked":false}},"elements":[{"id":"78186c54","settings":{"content_width":"full","width":{"unit":"px","size":1490,"sizes":[]},"flex_direction":"row","flex_justify_content":"space-between","flex_align_items":"center","margin":{"unit":"px","top":"0","right":"0","bottom":"0","left":"0","isLinked":false},"width_laptop":{"unit":"%","size":100,"sizes":[]},"width_tablet_extra":{"unit":"%","size":"","sizes":[]},"width_tablet":{"unit":"%","size":"","sizes":[]},"width_mobile_extra":{"unit":"%","size":"","sizes":[]},"width_mobile":{"unit":"%","size":"","sizes":[]},"flex_direction_tablet_extra":"column"},"elements":[{"id":"6ccdcc0d","settings":{"title":"How We Do It","typography_typography":"custom","typography_font_family":"Poppins","typography_font_size":{"unit":"px","size":36,"sizes":[]},"typography_font_weight":"600","typography_line_height":{"unit":"custom","size":"92%","sizes":[]},"typography_line_height_widescreen":{"unit":"custom","size":"","sizes":[]},"typography_line_height_laptop":{"unit":"custom","size":"","sizes":[]},"typography_line_height_tablet_extra":{"unit":"custom","size":"","sizes":[]},"typography_line_height_tablet":{"unit":"custom","size":"","sizes":[]},"typography_line_height_mobile_extra":{"unit":"custom","size":"","sizes":[]},"typography_line_height_mobile":{"unit":"custom","size":"","sizes":[]},"title_color":"#2A2D36","typography_font_size_tablet_extra":{"unit":"px","size":40,"sizes":[]},"typography_font_size_mobile":{"unit":"px","size":26,"sizes":[]}},"elements":[],"isInner":false,"widgetType":"heading","elType":"widget"},{"id":"575e96fa","settings":{"content_width":"full","width":{"unit":"%","size":70,"sizes":[]},"width_widescreen":{"unit":"%","size":70,"sizes":[]},"width_laptop":{"unit":"%","size":70,"sizes":[]},"width_tablet_extra":{"unit":"%","size":100,"sizes":[]},"width_tablet":{"unit":"%","size":"","sizes":[]},"width_mobile_extra":{"unit":"%","size":"","sizes":[]},"width_mobile":{"unit":"%","size":"","sizes":[]},"flex_direction":"row","flex_direction_widescreen":"row","flex_direction_laptop":"row","flex_direction_mobile":"column","flex_justify_content":"space-between","flex_justify_content_widescreen":"space-between","flex_justify_content_laptop":"space-between","flex_align_items":"center","flex_align_items_widescreen":"center","flex_gap_mobile":{"column":"20","row":"20","isLinked":true,"unit":"px","size":20},"margin_tablet_extra":{"unit":"px","top":"50","right":"0","bottom":"0","left":"0","isLinked":false}},"elements":[{"id":"cd013e4","settings":{"ending_number":7058698,"title":"Indexed Contracts","title_position":"after","title_horizontal_alignment":"center","title_gap":{"unit":"px","size":16,"sizes":[]},"number_color":"#587AF6","typography_number_typography":"custom","typography_number_font_family":"Poppins","typography_number_font_size":{"unit":"px","size":48,"sizes":[]},"typography_number_font_weight":"700","title_color":"#31334C","typography_title_typography":"custom","typography_title_font_family":"Poppins","typography_title_font_size":{"unit":"px","size":20,"sizes":[]},"typography_title_font_weight":"400","title_gap_tablet_extra":{"unit":"px","size":0,"sizes":[]},"typography_number_font_size_laptop":{"unit":"px","size":40,"sizes":[]},"typography_number_font_size_tablet_extra":{"unit":"px","size":30,"sizes":[]},"typography_title_font_size_tablet_extra":{"unit":"px","size":16,"sizes":[]}},"elements":[],"isInner":false,"widgetType":"counter","elType":"widget"},{"id":"52c4e8c","settings":{"ending_number":7,"title":"Indexed Blockchains","title_position":"after","title_horizontal_alignment":"center","title_gap":{"unit":"px","size":16,"sizes":[]},"number_color":"#587AF6","typography_number_typography":"custom","typography_number_font_family":"Poppins","typography_number_font_size":{"unit":"px","size":48,"sizes":[]},"typography_number_font_weight":"700","title_color":"#31334C","typography_title_typography":"custom","typography_title_font_family":"Poppins","typography_title_font_size":{"unit":"px","size":20,"sizes":[]},"typography_title_font_weight":"400","title_gap_tablet_extra":{"unit":"px","size":0,"sizes":[]},"typography_number_font_size_laptop":{"unit":"px","size":40,"sizes":[]},"typography_number_font_size_tablet_extra":{"unit":"px","size":30,"sizes":[]},"typography_title_font_size_tablet_extra":{"unit":"px","size":16,"sizes":[]}},"elements":[],"isInner":false,"widgetType":"counter","elType":"widget"},{"id":"3b28afdc","settings":{"ending_number":23.184892,"title":"Matched Wallet Owners","title_position":"after","title_horizontal_alignment":"center","title_gap":{"unit":"px","size":16,"sizes":[]},"number_color":"#587AF6","typography_number_typography":"custom","typography_number_font_family":"Poppins","typography_number_font_size":{"unit":"px","size":48,"sizes":[]},"typography_number_font_weight":"700","title_color":"#31334C","typography_title_typography":"custom","typography_title_font_family":"Poppins","typography_title_font_size":{"unit":"px","size":20,"sizes":[]},"typography_title_font_weight":"400","title_gap_tablet_extra":{"unit":"px","size":0,"sizes":[]},"typography_number_font_size_laptop":{"unit":"px","size":40,"sizes":[]},"typography_number_font_size_tablet_extra":{"unit":"px","size":30,"sizes":[]},"typography_title_font_size_tablet_extra":{"unit":"px","size":16,"sizes":[]}},"elements":[],"isInner":false,"widgetType":"counter","elType":"widget"}],"isInner":true,"elType":"container"}],"isInner":true,"elType":"container"},{"id":"15ab1fa7","settings":{"content_width":"full","margin":{"unit":"px","top":"180","right":"0","bottom":"0","left":"0","isLinked":false},"width_laptop":{"unit":"%","size":100,"sizes":[]},"width_tablet_extra":{"unit":"%","size":"","sizes":[]},"width_tablet":{"unit":"%","size":"","sizes":[]},"width_mobile_extra":{"unit":"%","size":"","sizes":[]},"width_mobile":{"unit":"%","size":"","sizes":[]},"width_widescreen":{"unit":"%","size":100,"sizes":[]},"flex_direction_widescreen":"column"},"elements":[{"id":"f879c32","settings":{"title":"Why ModeX?","align":"center","typography_typography":"custom","typography_font_family":"Poppins","typography_font_size":{"unit":"px","size":80,"sizes":[]},"typography_font_weight":"600","title_color":"#2A2D36","typography_font_size_mobile":{"unit":"px","size":26,"sizes":[]}},"elements":[],"isInner":false,"widgetType":"heading","elType":"widget"},{"id":"3e11eb4b","settings":{"content_width":"full","flex_direction":"row","flex_justify_content":"space-between","flex_gap":{"column":"17","row":"17","isLinked":true,"unit":"px","size":17},"margin":{"unit":"px","top":"90","right":"0","bottom":"0","left":"0","isLinked":false},"width_laptop":{"unit":"%","size":100,"sizes":[]},"width_tablet_extra":{"unit":"%","size":100,"sizes":[]},"width_tablet":{"unit":"%","size":"","sizes":[]},"width_mobile_extra":{"unit":"%","size":"","sizes":[]},"width_mobile":{"unit":"%","size":"","sizes":[]},"flex_wrap_tablet":"wrap","width_widescreen":{"unit":"%","size":100,"sizes":[]},"flex_direction_widescreen":"row","flex_justify_content_widescreen":"space-between","flex_align_items_widescreen":"center","flex_gap_widescreen":{"column":"20","row":"20","isLinked":true,"unit":"px","size":20},"flex_wrap_tablet_extra":"wrap"},"elements":[{"id":"3b612e7c","settings":{"content_width":"full","width":{"unit":"%","size":25,"sizes":[]},"border_radius":{"unit":"px","top":"25","right":"25","bottom":"25","left":"25","isLinked":true},"box_shadow_box_shadow_type":"yes","box_shadow_box_shadow":{"horizontal":2,"vertical":0,"blur":5,"spread":0,"color":"rgba(0, 0, 0, 0.12)"},"padding":{"unit":"px","top":"26","right":"40","bottom":"99","left":"40","isLinked":false},"width_tablet_extra":{"unit":"%","size":48,"sizes":[]},"width_tablet":{"unit":"%","size":48,"sizes":[]},"width_mobile_extra":{"unit":"%","size":"","sizes":[]},"width_mobile":{"unit":"%","size":"","sizes":[]},"padding_laptop":{"unit":"px","top":"20","right":"20","bottom":"20","left":"20","isLinked":true},"width_widescreen":{"unit":"%","size":25,"sizes":[]},"width_laptop":{"unit":"%","size":"","sizes":[]},"flex_direction_widescreen":"column","flex_justify_content_widescreen":"space-evenly","flex_align_items_widescreen":"stretch","padding_tablet_extra":{"unit":"px","top":"25","right":"40","bottom":"99","left":"40","isLinked":false},"padding_mobile":{"unit":"px","top":"20","right":"20","bottom":"20","left":"20","isLinked":true},"presetTitle":"Container","presetIcon":"eicon-container"},"elements":[{"id":"299f1177","settings":{"selected_icon":{"value":{"url":"https:\/\/creativewisdom.agency\/jahid\/wp-content\/uploads\/2025\/01\/cpu-chip.svg","id":629},"library":"svg"},"view":"stacked","title_text":"Scalability","description_text":"Reach Web3 users across their favorite channels, sites and apps.","text_align":"left","icon_space":{"unit":"px","size":26,"sizes":[]},"title_bottom_space":{"unit":"px","size":24,"sizes":[]},"primary_color":"#587AF61F","icon_size":{"unit":"px","size":46,"sizes":[]},"icon_padding":{"unit":"px","size":14,"sizes":[]},"title_color":"#2A2D36","title_typography_typography":"custom","title_typography_font_family":"Poppins","title_typography_font_size":{"unit":"px","size":24,"sizes":[]},"title_typography_font_weight":"600","title_typography_line_height":{"unit":"custom","size":"126.9%","sizes":[]},"title_typography_line_height_widescreen":{"unit":"custom","size":"","sizes":[]},"title_typography_line_height_laptop":{"unit":"custom","size":"","sizes":[]},"title_typography_line_height_tablet_extra":{"unit":"custom","size":"","sizes":[]},"title_typography_line_height_tablet":{"unit":"custom","size":"","sizes":[]},"title_typography_line_height_mobile_extra":{"unit":"custom","size":"","sizes":[]},"title_typography_line_height_mobile":{"unit":"custom","size":"","sizes":[]},"description_color":"#31334CA6","description_typography_typography":"custom","description_typography_font_family":"Poppins","description_typography_font_size":{"unit":"px","size":20,"sizes":[]},"description_typography_font_weight":"400"},"elements":[],"isInner":false,"widgetType":"icon-box","elType":"widget"}],"isInner":true,"elType":"container"},{"id":"1283ce0d","settings":{"content_width":"full","width":{"unit":"%","size":50,"sizes":[]},"border_radius":{"unit":"px","top":"25","right":"25","bottom":"25","left":"25","isLinked":true},"box_shadow_box_shadow_type":"yes","box_shadow_box_shadow":{"horizontal":2,"vertical":0,"blur":5,"spread":0,"color":"rgba(0, 0, 0, 0.12)"},"padding":{"unit":"px","top":"26","right":"40","bottom":"99","left":"40","isLinked":false},"width_tablet_extra":{"unit":"%","size":100,"sizes":[]},"width_tablet":{"unit":"%","size":100,"sizes":[]},"width_mobile_extra":{"unit":"%","size":"","sizes":[]},"width_mobile":{"unit":"%","size":"","sizes":[]},"padding_laptop":{"unit":"px","top":"20","right":"20","bottom":"20","left":"20","isLinked":true},"width_widescreen":{"unit":"%","size":50,"sizes":[]},"width_laptop":{"unit":"%","size":50,"sizes":[]},"padding_tablet_extra":{"unit":"px","top":"25","right":"40","bottom":"99","left":"40","isLinked":false},"padding_mobile":{"unit":"px","top":"20","right":"20","bottom":"20","left":"20","isLinked":true},"_flex_order_tablet_extra":"start"},"elements":[{"id":"3a0ffbfe","settings":{"selected_icon":{"value":{"url":"https:\/\/creativewisdom.agency\/jahid\/wp-content\/uploads\/2025\/01\/cpu-chip.svg","id":629},"library":"svg"},"view":"stacked","title_text":"Scalability","description_text":"Continuously optimized with AI to keep top-performing segments, and replace underperformers.","text_align":"left","icon_space":{"unit":"px","size":26,"sizes":[]},"title_bottom_space":{"unit":"px","size":24,"sizes":[]},"primary_color":"#587AF61F","icon_size":{"unit":"px","size":46,"sizes":[]},"icon_padding":{"unit":"px","size":14,"sizes":[]},"title_color":"#2A2D36","title_typography_typography":"custom","title_typography_font_family":"Poppins","title_typography_font_size":{"unit":"px","size":24,"sizes":[]},"title_typography_font_weight":"600","title_typography_line_height":{"unit":"custom","size":"126.9%","sizes":[]},"title_typography_line_height_widescreen":{"unit":"custom","size":"","sizes":[]},"title_typography_line_height_laptop":{"unit":"custom","size":"","sizes":[]},"title_typography_line_height_tablet_extra":{"unit":"custom","size":"","sizes":[]},"title_typography_line_height_tablet":{"unit":"custom","size":"","sizes":[]},"title_typography_line_height_mobile_extra":{"unit":"custom","size":"","sizes":[]},"title_typography_line_height_mobile":{"unit":"custom","size":"","sizes":[]},"description_color":"#31334CA6","description_typography_typography":"custom","description_typography_font_family":"Poppins","description_typography_font_size":{"unit":"px","size":20,"sizes":[]},"description_typography_font_weight":"400"},"elements":[],"isInner":false,"widgetType":"icon-box","elType":"widget"}],"isInner":true,"elType":"container"},{"id":"132785ab","settings":{"content_width":"full","width":{"unit":"%","size":25,"sizes":[]},"border_radius":{"unit":"px","top":"25","right":"25","bottom":"25","left":"25","isLinked":true},"box_shadow_box_shadow_type":"yes","box_shadow_box_shadow":{"horizontal":2,"vertical":0,"blur":5,"spread":0,"color":"rgba(0, 0, 0, 0.12)"},"padding":{"unit":"px","top":"26","right":"40","bottom":"99","left":"40","isLinked":false},"width_tablet_extra":{"unit":"%","size":48,"sizes":[]},"width_tablet":{"unit":"%","size":48,"sizes":[]},"width_mobile_extra":{"unit":"%","size":"","sizes":[]},"width_mobile":{"unit":"%","size":"","sizes":[]},"padding_laptop":{"unit":"px","top":"20","right":"20","bottom":"20","left":"20","isLinked":true},"width_widescreen":{"unit":"%","size":25,"sizes":[]},"width_laptop":{"unit":"%","size":25,"sizes":[]},"padding_tablet_extra":{"unit":"px","top":"25","right":"40","bottom":"99","left":"40","isLinked":false},"padding_mobile":{"unit":"px","top":"20","right":"20","bottom":"20","left":"20","isLinked":true}},"elements":[{"id":"164dc2c9","settings":{"selected_icon":{"value":{"url":"https:\/\/creativewisdom.agency\/jahid\/wp-content\/uploads\/2025\/01\/cpu-chip.svg","id":629},"library":"svg"},"view":"stacked","title_text":"Scalability","description_text":"Reach Web3 users across their favorite channels, sites and apps.","text_align":"left","icon_space":{"unit":"px","size":26,"sizes":[]},"title_bottom_space":{"unit":"px","size":24,"sizes":[]},"primary_color":"#587AF61F","icon_size":{"unit":"px","size":46,"sizes":[]},"icon_padding":{"unit":"px","size":14,"sizes":[]},"title_color":"#2A2D36","title_typography_typography":"custom","title_typography_font_family":"Poppins","title_typography_font_size":{"unit":"px","size":24,"sizes":[]},"title_typography_font_weight":"600","title_typography_line_height":{"unit":"custom","size":"126.9%","sizes":[]},"title_typography_line_height_widescreen":{"unit":"custom","size":"","sizes":[]},"title_typography_line_height_laptop":{"unit":"custom","size":"","sizes":[]},"title_typography_line_height_tablet_extra":{"unit":"custom","size":"","sizes":[]},"title_typography_line_height_tablet":{"unit":"custom","size":"","sizes":[]},"title_typography_line_height_mobile_extra":{"unit":"custom","size":"","sizes":[]},"title_typography_line_height_mobile":{"unit":"custom","size":"","sizes":[]},"description_color":"#31334CA6","description_typography_typography":"custom","description_typography_font_family":"Poppins","description_typography_font_size":{"unit":"px","size":20,"sizes":[]},"description_typography_font_weight":"400"},"elements":[],"isInner":false,"widgetType":"icon-box","elType":"widget"}],"isInner":true,"elType":"container"}],"isInner":true,"elType":"container"},{"id":"72248502","settings":{"content_width":"full","flex_direction":"row","flex_justify_content":"space-between","flex_gap":{"column":"17","row":"17","isLinked":true,"unit":"px","size":17},"margin":{"unit":"px","top":"15","right":"0","bottom":"0","left":"0","isLinked":false},"width_tablet_extra":{"unit":"%","size":100,"sizes":[]},"width_tablet":{"unit":"%","size":"","sizes":[]},"width_mobile_extra":{"unit":"%","size":"","sizes":[]},"width_mobile":{"unit":"%","size":"","sizes":[]},"flex_wrap_tablet":"wrap","flex_wrap_tablet_extra":"wrap"},"elements":[{"id":"4f516bfa","settings":{"content_width":"full","width":{"unit":"%","size":25,"sizes":[]},"border_radius":{"unit":"px","top":"25","right":"25","bottom":"25","left":"25","isLinked":true},"box_shadow_box_shadow_type":"yes","box_shadow_box_shadow":{"horizontal":2,"vertical":0,"blur":5,"spread":0,"color":"rgba(0, 0, 0, 0.12)"},"padding":{"unit":"px","top":"26","right":"40","bottom":"99","left":"40","isLinked":false},"width_tablet_extra":{"unit":"%","size":48,"sizes":[]},"width_tablet":{"unit":"%","size":48,"sizes":[]},"width_mobile_extra":{"unit":"%","size":"","sizes":[]},"width_mobile":{"unit":"%","size":"","sizes":[]},"padding_laptop":{"unit":"px","top":"20","right":"20","bottom":"20","left":"20","isLinked":true},"width_laptop":{"unit":"%","size":25,"sizes":[]},"padding_tablet_extra":{"unit":"px","top":"25","right":"40","bottom":"99","left":"40","isLinked":false},"padding_mobile":{"unit":"px","top":"20","right":"20","bottom":"20","left":"20","isLinked":true}},"elements":[{"id":"6e1eb6c0","settings":{"selected_icon":{"value":{"url":"https:\/\/creativewisdom.agency\/jahid\/wp-content\/uploads\/2025\/01\/cpu-chip.svg","id":629},"library":"svg"},"view":"stacked","title_text":"Scalability","description_text":"Reach Web3 users across their favorite channels, sites and apps.","text_align":"left","icon_space":{"unit":"px","size":26,"sizes":[]},"title_bottom_space":{"unit":"px","size":24,"sizes":[]},"primary_color":"#587AF61F","icon_size":{"unit":"px","size":46,"sizes":[]},"icon_padding":{"unit":"px","size":14,"sizes":[]},"title_color":"#2A2D36","title_typography_typography":"custom","title_typography_font_family":"Poppins","title_typography_font_size":{"unit":"px","size":24,"sizes":[]},"title_typography_font_weight":"600","title_typography_line_height":{"unit":"custom","size":"126.9%","sizes":[]},"title_typography_line_height_widescreen":{"unit":"custom","size":"","sizes":[]},"title_typography_line_height_laptop":{"unit":"custom","size":"","sizes":[]},"title_typography_line_height_tablet_extra":{"unit":"custom","size":"","sizes":[]},"title_typography_line_height_tablet":{"unit":"custom","size":"","sizes":[]},"title_typography_line_height_mobile_extra":{"unit":"custom","size":"","sizes":[]},"title_typography_line_height_mobile":{"unit":"custom","size":"","sizes":[]},"description_color":"#31334CA6","description_typography_typography":"custom","description_typography_font_family":"Poppins","description_typography_font_size":{"unit":"px","size":20,"sizes":[]},"description_typography_font_weight":"400"},"elements":[],"isInner":false,"widgetType":"icon-box","elType":"widget"}],"isInner":true,"elType":"container"},{"id":"251212f7","settings":{"content_width":"full","width":{"unit":"%","size":25,"sizes":[]},"border_radius":{"unit":"px","top":"25","right":"25","bottom":"25","left":"25","isLinked":true},"box_shadow_box_shadow_type":"yes","box_shadow_box_shadow":{"horizontal":2,"vertical":0,"blur":5,"spread":0,"color":"rgba(0, 0, 0, 0.12)"},"padding":{"unit":"px","top":"26","right":"40","bottom":"99","left":"40","isLinked":false},"width_tablet_extra":{"unit":"%","size":48,"sizes":[]},"width_tablet":{"unit":"%","size":48,"sizes":[]},"width_mobile_extra":{"unit":"%","size":"","sizes":[]},"width_mobile":{"unit":"%","size":"","sizes":[]},"padding_laptop":{"unit":"px","top":"20","right":"20","bottom":"20","left":"20","isLinked":true},"width_laptop":{"unit":"%","size":25,"sizes":[]},"padding_tablet_extra":{"unit":"px","top":"25","right":"40","bottom":"99","left":"40","isLinked":false},"padding_mobile":{"unit":"px","top":"20","right":"20","bottom":"20","left":"20","isLinked":true}},"elements":[{"id":"52941a04","settings":{"selected_icon":{"value":{"url":"https:\/\/creativewisdom.agency\/jahid\/wp-content\/uploads\/2025\/01\/cpu-chip.svg","id":629},"library":"svg"},"view":"stacked","title_text":"Scalability","description_text":"Reach Web3 users across their favorite channels, sites and apps.","text_align":"left","icon_space":{"unit":"px","size":26,"sizes":[]},"title_bottom_space":{"unit":"px","size":24,"sizes":[]},"primary_color":"#587AF61F","icon_size":{"unit":"px","size":46,"sizes":[]},"icon_padding":{"unit":"px","size":14,"sizes":[]},"title_color":"#2A2D36","title_typography_typography":"custom","title_typography_font_family":"Poppins","title_typography_font_size":{"unit":"px","size":24,"sizes":[]},"title_typography_font_weight":"600","title_typography_line_height":{"unit":"custom","size":"126.9%","sizes":[]},"title_typography_line_height_widescreen":{"unit":"custom","size":"","sizes":[]},"title_typography_line_height_laptop":{"unit":"custom","size":"","sizes":[]},"title_typography_line_height_tablet_extra":{"unit":"custom","size":"","sizes":[]},"title_typography_line_height_tablet":{"unit":"custom","size":"","sizes":[]},"title_typography_line_height_mobile_extra":{"unit":"custom","size":"","sizes":[]},"title_typography_line_height_mobile":{"unit":"custom","size":"","sizes":[]},"description_color":"#31334CA6","description_typography_typography":"custom","description_typography_font_family":"Poppins","description_typography_font_size":{"unit":"px","size":20,"sizes":[]},"description_typography_font_weight":"400"},"elements":[],"isInner":false,"widgetType":"icon-box","elType":"widget"}],"isInner":true,"elType":"container"},{"id":"19341f9e","settings":{"content_width":"full","width":{"unit":"%","size":50,"sizes":[]},"border_radius":{"unit":"px","top":"25","right":"25","bottom":"25","left":"25","isLinked":true},"box_shadow_box_shadow_type":"yes","box_shadow_box_shadow":{"horizontal":2,"vertical":0,"blur":5,"spread":0,"color":"rgba(0, 0, 0, 0.12)"},"padding":{"unit":"px","top":"26","right":"40","bottom":"99","left":"40","isLinked":false},"width_tablet_extra":{"unit":"%","size":100,"sizes":[]},"width_tablet":{"unit":"%","size":100,"sizes":[]},"width_mobile_extra":{"unit":"%","size":"","sizes":[]},"width_mobile":{"unit":"%","size":"","sizes":[]},"padding_laptop":{"unit":"px","top":"20","right":"20","bottom":"20","left":"20","isLinked":true},"width_laptop":{"unit":"%","size":50,"sizes":[]},"padding_tablet_extra":{"unit":"px","top":"25","right":"40","bottom":"99","left":"40","isLinked":false},"padding_mobile":{"unit":"px","top":"20","right":"20","bottom":"20","left":"20","isLinked":true}},"elements":[{"id":"8e09de9","settings":{"selected_icon":{"value":{"url":"https:\/\/creativewisdom.agency\/jahid\/wp-content\/uploads\/2025\/01\/cpu-chip.svg","id":629},"library":"svg"},"view":"stacked","title_text":"Scalability","description_text":"Track end-to-end campaign performance from Web2 ads through on-chain Web3 actions, seamlessly bridging the gap between traditional and decentralized platforms.\n","text_align":"left","icon_space":{"unit":"px","size":26,"sizes":[]},"title_bottom_space":{"unit":"px","size":24,"sizes":[]},"primary_color":"#587AF61F","icon_size":{"unit":"px","size":46,"sizes":[]},"icon_padding":{"unit":"px","size":14,"sizes":[]},"title_color":"#2A2D36","title_typography_typography":"custom","title_typography_font_family":"Poppins","title_typography_font_size":{"unit":"px","size":24,"sizes":[]},"title_typography_font_weight":"600","title_typography_line_height":{"unit":"custom","size":"126.9%","sizes":[]},"title_typography_line_height_widescreen":{"unit":"custom","size":"","sizes":[]},"title_typography_line_height_laptop":{"unit":"custom","size":"","sizes":[]},"title_typography_line_height_tablet_extra":{"unit":"custom","size":"","sizes":[]},"title_typography_line_height_tablet":{"unit":"custom","size":"","sizes":[]},"title_typography_line_height_mobile_extra":{"unit":"custom","size":"","sizes":[]},"title_typography_line_height_mobile":{"unit":"custom","size":"","sizes":[]},"description_color":"#31334CA6","description_typography_typography":"custom","description_typography_font_family":"Poppins","description_typography_font_size":{"unit":"px","size":20,"sizes":[]},"description_typography_font_weight":"400"},"elements":[],"isInner":false,"widgetType":"icon-box","elType":"widget"}],"isInner":true,"elType":"container"}],"isInner":true,"elType":"container"}],"isInner":true,"elType":"container"}],"isInner":false,"elType":"container"},{"id":"bfb84b9","settings":{"flex_direction":"column","flex_justify_content":"center","background_background":"classic","background_color":"#587AF6","padding":{"unit":"px","top":"105","right":"50","bottom":"125","left":"125","isLinked":false},"boxed_width":{"unit":"px","size":1600,"sizes":[]},"padding_tablet":{"unit":"px","top":"50","right":"50","bottom":"50","left":"50","isLinked":true},"hide_mobile":"hidden-mobile","padding_tablet_extra":{"unit":"px","top":"105","right":"50","bottom":"125","left":"50","isLinked":false}},"elements":[{"id":"458890d0","settings":{"content_width":"full","border_border":"solid","border_width":{"unit":"px","top":"0","right":"2","bottom":"0","left":"2","isLinked":false},"border_color":"#FFFFFF8A"},"elements":[{"id":"197685ca","settings":{"slides_name":"Slides","slides":[{"content":"<h3 class=\"headingtext\"> \u201cOutstanding Growth in Just Weeks!<\/h3><br>\nThey created a tailored strategy that perfectly fit my interior design business, helping me reach new clients and grow my brand visibility. From stunning visuals to engaging captions, every post reflected my brand's aesthetic and values. The level of attention and creativity they brought to the table was truly impressive, making me feel confident in their expertise.","name":"CreativeSara89","title":"Bloom & Co. Interiors","image":{"url":"https:\/\/creativewisdom.agency\/jahid\/wp-content\/uploads\/2025\/01\/Ellipse-2.svg","id":681,"alt":"","source":"library","size":""},"_id":"b816f7e"},{"content":"<h3 class=\"headingtext\"> \u201cOutstanding Growth in Just Weeks!<\/h3><br>\nThey created a tailored strategy that perfectly fit my interior design business, helping me reach new clients and grow my brand visibility. From stunning visuals to engaging captions, every post reflected my brand's aesthetic and values. The level of attention and creativity they brought to the table was truly impressive, making me feel confident in their expertise.","name":"CreativeSara89","title":"Bloom & Co. Interiors","image":{"url":"https:\/\/creativewisdom.agency\/jahid\/wp-content\/uploads\/2025\/01\/Ellipse-2.svg","id":681,"alt":"","source":"library","size":""},"_id":"38ea17b"},{"content":"<h3 class=\"headingtext\"> \u201cOutstanding Growth in Just Weeks!<\/h3><br>\nThey created a tailored strategy that perfectly fit my interior design business, helping me reach new clients and grow my brand visibility. From stunning visuals to engaging captions, every post reflected my brand's aesthetic and values. The level of attention and creativity they brought to the table was truly impressive, making me feel confident in their expertise.","name":"CreativeSara89","title":"Bloom & Co. Interiors","image":{"url":"https:\/\/creativewisdom.agency\/jahid\/wp-content\/uploads\/2025\/01\/Ellipse-2.svg","id":681,"alt":"","source":"library","size":""},"_id":"ac0eb84"}],"alignment":"left","slides_per_view":"1","show_arrows":"","content_color":"#FFFFFF","content_typography_typography":"custom","content_typography_font_family":"Poppins","content_typography_font_size":{"unit":"px","size":20,"sizes":[]},"content_typography_font_weight":"400","name_color":"#FFFFFF","name_typography_typography":"custom","name_typography_font_family":"Poppins","name_typography_font_size":{"unit":"px","size":24,"sizes":[]},"name_typography_font_weight":"600","name_typography_line_height":{"unit":"custom","size":"126.9%","sizes":[]},"name_typography_line_height_widescreen":{"unit":"custom","size":"","sizes":[]},"name_typography_line_height_laptop":{"unit":"custom","size":"","sizes":[]},"name_typography_line_height_tablet_extra":{"unit":"custom","size":"","sizes":[]},"name_typography_line_height_tablet":{"unit":"custom","size":"","sizes":[]},"name_typography_line_height_mobile_extra":{"unit":"custom","size":"","sizes":[]},"name_typography_line_height_mobile":{"unit":"custom","size":"","sizes":[]},"title_typography_typography":"custom","title_typography_font_family":"Poppins","title_typography_font_size":{"unit":"px","size":20,"sizes":[]},"title_typography_font_weight":"400","title_typography_line_height":{"unit":"custom","size":"126.9%","sizes":[]},"title_typography_line_height_widescreen":{"unit":"custom","size":"","sizes":[]},"title_typography_line_height_laptop":{"unit":"custom","size":"","sizes":[]},"title_typography_line_height_tablet_extra":{"unit":"custom","size":"","sizes":[]},"title_typography_line_height_tablet":{"unit":"custom","size":"","sizes":[]},"title_typography_line_height_mobile_extra":{"unit":"custom","size":"","sizes":[]},"title_typography_line_height_mobile":{"unit":"custom","size":"","sizes":[]},"image_size":{"unit":"px","size":72,"sizes":[]},"pagination_color_inactive":"#FFFFFF61","pagination_color":"#FFFFFF","custom_css":".headingtext {\r\n  color: white;\r\n  font-size: 44px;\r\n  font-weight: bold;\r\n  line-height: 126.9%;\r\n}"},"elements":[],"isInner":false,"widgetType":"testimonial-carousel","elType":"widget"}],"isInner":true,"elType":"container"}],"isInner":false,"elType":"container"},{"id":"3ec11bf6","settings":{"margin":{"unit":"px","top":"0","right":"0","bottom":"0","left":"0","isLinked":false},"padding":{"unit":"px","top":"375","right":"0","bottom":"260","left":"0","isLinked":false},"_title":"footer","width":{"unit":"px","size":1600,"sizes":[]},"boxed_width":{"unit":"px","size":1600,"sizes":[]},"background_background":"classic","background_image":{"url":"https:\/\/creativewisdom.agency\/jahid\/wp-content\/uploads\/2025\/01\/Slice-1-scaled.jpg","id":657,"size":"","alt":"","source":"library"},"background_position":"initial","background_repeat":"no-repeat","background_size":"cover","background_ypos":{"unit":"px","size":-5,"sizes":[]},"padding_laptop":{"unit":"px","top":"375","right":"50","bottom":"260","left":"50","isLinked":false},"padding_mobile":{"unit":"px","top":"300","right":"20","bottom":"300","left":"20","isLinked":false}},"elements":[{"id":"56f304fe","settings":{"title":"Your Web3 Brand <br\/>  Depends on  <span style=\"color:#587AF6\">Effective\u00a0Marketing<\/span>","align":"center","typography_typography":"custom","typography_font_family":"Poppins","typography_font_size":{"unit":"px","size":80,"sizes":[]},"typography_font_weight":"600","title_color":"#2A2D36","_margin":{"unit":"px","top":"0","right":"0","bottom":"0","left":"0","isLinked":false},"align_mobile":"center","typography_font_size_laptop":{"unit":"px","size":60,"sizes":[]},"typography_font_size_tablet_extra":{"unit":"px","size":50,"sizes":[]},"typography_font_size_tablet":{"unit":"px","size":40,"sizes":[]},"typography_font_size_mobile":{"unit":"px","size":22,"sizes":[]}},"elements":[],"isInner":false,"widgetType":"heading","elType":"widget"},{"id":"209410e0","settings":{"editor":"<p>Get the best return for your marketing campaigns<\/p>","column_gap":{"unit":"px","size":0,"sizes":[]},"align":"center","text_color":"#31334C","typography_typography":"custom","typography_font_family":"Poppins","typography_font_size":{"unit":"px","size":20,"sizes":[]},"typography_font_weight":"400","paragraph_spacing":{"unit":"px","size":0,"sizes":[]},"typography_font_size_mobile":{"unit":"px","size":16,"sizes":[]}},"elements":[],"isInner":false,"widgetType":"text-editor","elType":"widget"},{"id":"20122f06","settings":{"text":"Get Started","align":"center","typography_typography":"custom","typography_font_family":"Poppins","typography_font_size":{"unit":"px","size":20,"sizes":[]},"typography_font_weight":"500","typography_line_height":{"unit":"px","size":30,"sizes":[]},"button_text_color":"#FFFFFF","background_background":"gradient","background_color":"#2A48B2","background_color_b":"#587AF6","background_gradient_angle":{"unit":"deg","size":241,"sizes":[]},"border_radius":{"unit":"px","top":"12","right":"12","bottom":"12","left":"12","isLinked":true},"button_box_shadow_box_shadow_type":"yes","button_box_shadow_box_shadow":{"horizontal":0,"vertical":0,"blur":10,"spread":0,"color":"rgba(0, 0, 0, 0.18)"},"text_padding":{"unit":"px","top":"10","right":"27","bottom":"10","left":"27","isLinked":false},"_margin":{"unit":"px","top":"30","right":"0","bottom":"0","left":"0","isLinked":false},"_padding":{"unit":"px","top":"0","right":"0","bottom":"0","left":"0","isLinked":false},"align_mobile":"justify"},"elements":[],"isInner":false,"widgetType":"button","elType":"widget"},{"id":"2a5e29a1","settings":{"selected_icon":{"value":{"url":"https:\/\/creativewisdom.agency\/jahid\/wp-content\/uploads\/2025\/01\/Subtract.svg","id":592},"library":"svg"},"view":"stacked","title_text":"Verified Account","description_text":"100+","position":"left","content_vertical_alignment":"middle","text_align":"left","icon_space":{"unit":"px","size":19,"sizes":[]},"title_bottom_space":{"unit":"px","size":6,"sizes":[]},"primary_color":"#587AF61C","icon_size":{"unit":"px","size":28,"sizes":[]},"icon_padding":{"unit":"px","size":12,"sizes":[]},"title_color":"#373B49","title_typography_typography":"custom","title_typography_font_family":"Poppins","title_typography_font_size":{"unit":"px","size":14,"sizes":[]},"title_typography_font_weight":"400","description_color":"#373B49","description_typography_typography":"custom","description_typography_font_family":"Poppins","description_typography_font_size":{"unit":"px","size":30,"sizes":[]},"description_typography_font_weight":"bold","_padding":{"unit":"px","top":"14","right":"51","bottom":"14","left":"18","isLinked":false},"_element_width":"auto","_element_custom_width":{"unit":"px","size":255,"sizes":[]},"_position":"absolute","_offset_x":{"unit":"px","size":"","sizes":[]},"_offset_y":{"unit":"px","size":111,"sizes":[]},"_background_background":"classic","_background_color":"#FFFFFF","_border_border":"solid","_border_width":{"unit":"px","top":"1","right":"1","bottom":"1","left":"1","isLinked":true},"_border_color":"#000000","_border_radius":{"unit":"px","top":"18","right":"18","bottom":"18","left":"18","isLinked":true},"position_mobile":"left"},"elements":[],"isInner":false,"widgetType":"icon-box","elType":"widget"},{"id":"99eab04","settings":{"selected_icon":{"value":{"url":"https:\/\/creativewisdom.agency\/jahid\/wp-content\/uploads\/2025\/01\/Subtract.svg","id":592},"library":"svg"},"view":"stacked","title_text":"Verified Account","description_text":"100+","position":"left","content_vertical_alignment":"middle","text_align":"left","icon_space":{"unit":"px","size":19,"sizes":[]},"title_bottom_space":{"unit":"px","size":6,"sizes":[]},"primary_color":"#587AF61C","icon_size":{"unit":"px","size":28,"sizes":[]},"icon_padding":{"unit":"px","size":12,"sizes":[]},"title_color":"#373B49","title_typography_typography":"custom","title_typography_font_family":"Poppins","title_typography_font_size":{"unit":"px","size":14,"sizes":[]},"title_typography_font_weight":"400","description_color":"#373B49","description_typography_typography":"custom","description_typography_font_family":"Poppins","description_typography_font_size":{"unit":"px","size":30,"sizes":[]},"description_typography_font_weight":"bold","_padding":{"unit":"px","top":"14","right":"51","bottom":"14","left":"18","isLinked":false},"_element_width":"auto","_element_custom_width":{"unit":"px","size":255,"sizes":[]},"_position":"absolute","_offset_orientation_h":"end","_offset_x":{"unit":"px","size":"","sizes":[]},"_offset_x_end":{"unit":"px","size":196,"sizes":[]},"_offset_y":{"unit":"px","size":196,"sizes":[]},"_background_background":"classic","_background_color":"#FFFFFF","_border_border":"none","_border_width":{"unit":"px","top":"0","right":"0","bottom":"0","left":"0","isLinked":true},"_border_color":"#000000","_border_radius":{"unit":"px","top":"18","right":"18","bottom":"18","left":"18","isLinked":true},"_box_shadow_box_shadow_type":"yes","_box_shadow_box_shadow":{"horizontal":0,"vertical":0,"blur":10,"spread":0,"color":"rgba(0, 0, 0, 0.14)"},"hide_mobile":"hidden-mobile","_offset_x_end_mobile_extra":{"unit":"px","size":100,"sizes":[]}},"elements":[],"isInner":false,"widgetType":"icon-box","elType":"widget"},{"id":"4351650f","settings":{"selected_icon":{"value":{"url":"https:\/\/creativewisdom.agency\/jahid\/wp-content\/uploads\/2025\/01\/Subtract.svg","id":592},"library":"svg"},"view":"stacked","title_text":"Verified Account","description_text":"100+","position":"left","content_vertical_alignment":"middle","text_align":"left","icon_space":{"unit":"px","size":19,"sizes":[]},"title_bottom_space":{"unit":"px","size":6,"sizes":[]},"primary_color":"#587AF61C","icon_size":{"unit":"px","size":28,"sizes":[]},"icon_padding":{"unit":"px","size":12,"sizes":[]},"title_color":"#373B49","title_typography_typography":"custom","title_typography_font_family":"Poppins","title_typography_font_size":{"unit":"px","size":14,"sizes":[]},"title_typography_font_weight":"400","description_color":"#373B49","description_typography_typography":"custom","description_typography_font_family":"Poppins","description_typography_font_size":{"unit":"px","size":30,"sizes":[]},"description_typography_font_weight":"bold","_padding":{"unit":"px","top":"14","right":"51","bottom":"14","left":"18","isLinked":false},"_element_width":"auto","_element_custom_width":{"unit":"px","size":255,"sizes":[]},"_position":"absolute","_offset_orientation_h":"end","_offset_x":{"unit":"px","size":"","sizes":[]},"_offset_x_end":{"unit":"px","size":159,"sizes":[]},"_offset_y":{"unit":"px","size":753,"sizes":[]},"_background_background":"classic","_background_color":"#FFFFFF","_border_border":"none","_border_width":{"unit":"px","top":"0","right":"0","bottom":"0","left":"0","isLinked":true},"_border_color":"#000000","_border_radius":{"unit":"px","top":"18","right":"18","bottom":"18","left":"18","isLinked":true},"_box_shadow_box_shadow_type":"yes","_box_shadow_box_shadow":{"horizontal":0,"vertical":0,"blur":10,"spread":0,"color":"rgba(0, 0, 0, 0.14)"},"hide_mobile_extra":"hidden-mobile_extra","hide_mobile":"hidden-mobile","_offset_y_tablet":{"unit":"px","size":600,"sizes":[]}},"elements":[],"isInner":false,"widgetType":"icon-box","elType":"widget"},{"id":"4b6a6430","settings":{"selected_icon":{"value":{"url":"https:\/\/creativewisdom.agency\/jahid\/wp-content\/uploads\/2025\/01\/Subtract.svg","id":592},"library":"svg"},"view":"stacked","title_text":"Verified Account","description_text":"100+","position":"left","content_vertical_alignment":"middle","text_align":"left","icon_space":{"unit":"px","size":19,"sizes":[]},"title_bottom_space":{"unit":"px","size":6,"sizes":[]},"primary_color":"#587AF61C","icon_size":{"unit":"px","size":28,"sizes":[]},"icon_padding":{"unit":"px","size":12,"sizes":[]},"title_color":"#373B49","title_typography_typography":"custom","title_typography_font_family":"Poppins","title_typography_font_size":{"unit":"px","size":14,"sizes":[]},"title_typography_font_weight":"400","description_color":"#373B49","description_typography_typography":"custom","description_typography_font_family":"Poppins","description_typography_font_size":{"unit":"px","size":30,"sizes":[]},"description_typography_font_weight":"bold","_padding":{"unit":"px","top":"14","right":"51","bottom":"14","left":"18","isLinked":false},"_element_width":"auto","_element_custom_width":{"unit":"px","size":255,"sizes":[]},"_position":"absolute","_offset_x":{"unit":"px","size":127,"sizes":[]},"_offset_x_end":{"unit":"px","size":159,"sizes":[]},"_offset_y":{"unit":"px","size":686,"sizes":[]},"_background_background":"classic","_background_color":"#FFFFFF","_border_border":"none","_border_width":{"unit":"px","top":"0","right":"0","bottom":"0","left":"0","isLinked":true},"_border_color":"#000000","_border_radius":{"unit":"px","top":"18","right":"18","bottom":"18","left":"18","isLinked":true},"_box_shadow_box_shadow_type":"yes","_box_shadow_box_shadow":{"horizontal":0,"vertical":0,"blur":10,"spread":0,"color":"rgba(0, 0, 0, 0.12)"},"text_align_mobile":"left","_offset_y_mobile":{"unit":"px","size":600,"sizes":[]}},"elements":[],"isInner":false,"widgetType":"icon-box","elType":"widget"}],"isInner":true,"elType":"container"},{"id":"5eb57aca","settings":{"flex_direction":"column"},"elements":[{"id":"23084814","settings":{"html":"<style>\n::-webkit-scrollbar {\n  display: none;\n}\n<\/style>"},"elements":[],"isInner":false,"widgetType":"html","elType":"widget"}],"isInner":false,"elType":"container"}],"page_settings":{"background_background":"classic","background_color":"#F6F7FA"},"version":"0.4","title":"home2","type":"page"}